cancer_type,ncbi_gene_id,gene_symbol,fdr_adjusted_p_value,log2_fold_change
LUAD,84069,PLEKHN1,1e-20,2.42277121932047
LUAD,8784,TNFRSF18,1e-20,2.08658314912498
LUAD,339456,TMEM52,1e-20,1.57481182532923
LUAD,27237,ARHGEF16,1e-20,1.71296521520439
LUAD,388591,RNF207,1e-20,1.55114623353022
LUAD,83715,ESPN,1e-20,2.31914027751574
LUAD,8718,TNFRSF25,1e-20,2.0560769823645
LUAD,6518,SLC2A5,1e-20,2.16992500144231
LUAD,23254,KAZN,7.8876e-17,-1.54665721161606
LUAD,27129,HSPB7,6.9172e-13,-1.74972647378486
LUAD,22977,AKR7A3,1e-20,1.88635504352516
LUAD,55450,CAMK2N1,2.2147e-13,-1.76396681968004
LUAD,57576,KIF17,1.0814000000000001e-19,-2.1266597175281
LUAD,249,ALPL,3.2209e-13,-2.17372560435045
LUAD,712,C1QA,4.8852e-19,-1.59461245176031
LUAD,713,C1QB,3.9459e-15,-1.73395474660049
LUAD,2048,EPHB2,1e-20,1.9317780051779
LUAD,79000,AUNIP,1e-20,1.64524051264527
LUAD,79927,FAM110D,1.2178e-12,-2.4009091804252
LUAD,1043,CD52,1.4536e-14,-2.39105099286193
LUAD,115572,TENT5B,5.5312e-19,-3.14394362651112
LUAD,8547,FCN3,4.4045e-13,-5.11610420899031
LUAD,2268,FGR,3.2934e-16,-2.10298986573032
LUAD,27293,SMPDL3B,1e-20,1.60519954755455
LUAD,1104,RCC1,1e-20,1.70427579684876
LUAD,8420,SNHG3,1e-20,1.51448668809869
LUAD,692212,SNORD99,1e-20,1.69786773233845
LUAD,347735,SERINC2,1e-20,1.94916479310101
LUAD,65108,MARCKSL1,1e-20,1.93005868936498
LUAD,81493,SYNC,1e-20,-2.01510366470762
LUAD,2707,GJB3,1e-20,1.67500168679944
LUAD,63967,CLSPN,1e-20,1.68392098080932
LUAD,1441,CSF3R,8.3272e-11,-1.71916047942068
LUAD,284654,RSPO1,1.3168e-12,-2.58255600301406
LUAD,55143,CDCA8,1e-20,3.00864641842984
LUAD,284656,EPHA10,1e-20,2.5157629055412
LUAD,149175,MANEAL,1e-20,1.65958022841005
LUAD,54933,RHBDL2,1e-20,2.56936564567014
LUAD,353500,BMP8A,1e-20,2.11584832868652
LUAD,84879,MFSD2A,1.8308e-18,-1.89942887197518
LUAD,1907,EDN2,9.0816e-14,1.85073956026689
LUAD,6513,SLC2A1,1e-20,3.0940581957266
LUAD,7075,TIE1,2.475e-18,-2.14386737414491
LUAD,991,CDC20,1e-20,3.7065233170215
LUAD,11004,KIF2C,1e-20,3.50320152889822
LUAD,8438,RAD54L,1e-20,1.71325590173097
LUAD,1580,CYP4B1,1e-20,-4.13232030930433
LUAD,6886,TAL1,1.945e-16,-2.9269707902359
LUAD,6491,STIL,1e-20,2.42973138442188
LUAD,84793,FOXD2-AS1,1e-20,1.5305547221072
LUAD,200010,SLC5A9,4.9546e-11,-3.01149563883783
LUAD,4998,ORC1,1e-20,2.25640685379425
LUAD,255738,PCSK9,1.2523e-12,-3.09195927696828
LUAD,4919,ROR1,5.7566e-20,-1.9704953462263
LUAD,57685,CACHD1,7.257e-11,-1.6182477745816
LUAD,205,AK4,1e-20,2.53733065812805
LUAD,3953,LEPR,1.2569e-15,-2.2719190560312
LUAD,55635,DEPDC1,1e-20,1.93922657772821
LUAD,257194,NEGR1,7.9763e-12,-1.63691458035588
LUAD,204962,SLC44A5,1e-20,2.38929146200697
LUAD,256435,ST6GALNAC3,2.4486e-17,-2.24305970607253
LUAD,81849,ST6GALNAC5,1e-20,-2.60987507068664
LUAD,91624,NEXN,1.0525e-13,-1.61159441353827
LUAD,54810,GIPC2,7.7173e-18,-2.75838880458797
LUAD,149047,AC096531.2,3.1951e-15,-2.67784646639964
LUAD,23266,ADGRL2,1.5505e-14,-1.99379722191308
LUAD,79739,TTLL7,2.3364e-11,-2.15076099690609
LUAD,7049,TGFBR3,1.9393000000000002e-19,-3.1130238434887
LUAD,253152,EPHX4,1e-20,2.38598315929781
LUAD,54873,PALMD,2.4898e-17,-2.3352661562335
LUAD,1901,S1PR1,1.933e-20,-2.87075281408576
LUAD,1301,COL11A1,1e-20,2.90554345147192
LUAD,22854,NTNG1,1.7139e-11,-1.86155841957203
LUAD,2949,GSTM5,7.3048e-19,-2.63297243709362
LUAD,128346,C1orf162,3.1396e-18,-1.74297233926834
LUAD,55924,INKA2,1e-20,-1.6862395082685
LUAD,440603,BCL2L15,1e-20,2.64385618977472
LUAD,6913,TBX15,1e-20,1.81393507048132
LUAD,2702,GJA5,1.8077e-11,-1.64667637468186
LUAD,54507,ADAMTSL4,2.0131e-18,-2.15309965670191
LUAD,8991,SELENBP1,1e-20,-1.62374792196835
LUAD,284486,THEM5,1e-20,1.52293330336464
LUAD,6275,S100A4,4.0499e-15,-1.61968713769722
LUAD,6274,S100A3,1.2564e-11,-2.71210570621643
LUAD,4881,NPR1,1e-20,-3.11577908067316
LUAD,1163,CKS1B,1e-20,1.56661051520069
LUAD,1945,EFNA4,1e-20,2.19245174647804
LUAD,1944,EFNA3,1e-20,2.13158948432814
LUAD,55974,SLC50A1,1e-20,1.7467603335129
LUAD,80128,TRIM46,1e-20,1.75931865940611
LUAD,57657,HCN3,1e-20,1.54715675768353
LUAD,92312,MEX3A,1e-20,2.97654693984849
LUAD,10763,NES,4.2296e-13,-1.92066702282515
LUAD,1382,CRABP2,1e-20,4.93539775030094
LUAD,375033,PEAR1,4.4023e-18,-2.28481492187026
LUAD,83416,FCRL5,1e-20,2.06177619758669
LUAD,922,CD5L,1.4315e-12,-1.71677145641822
LUAD,4332,MNDA,1.2104e-17,-1.53743767965584
LUAD,9447,AIM2,1e-20,2.09789101925073
LUAD,2532,ACKR1,6.3598e-11,-2.55965193833857
LUAD,57549,IGSF9,1e-20,3.38285709352969
LUAD,142683,ITLN2,1e-20,-5.69038915771276
LUAD,81607,NECTIN4,1e-20,2.28511214717703
LUAD,83540,NUF2,1e-20,3.59006036836083
LUAD,6258,RXRG,6.8389e-17,-2.99421764740599
LUAD,10223,GPA33,1.0135e-11,-3.82405498366306
LUAD,6403,SELP,1.3885e-15,-2.25465520506402
LUAD,55732,C1orf112,1e-20,1.76013644243715
LUAD,2327,FMO2,1e-20,-3.65794350199
LUAD,55103,RALGPS2,1e-20,1.72888607684579
LUAD,9068,ANGPTL1,7.7478e-16,-2.85647748700933
LUAD,9213,XPR1,1e-20,1.65914409232184
LUAD,4688,NCF2,4.7216e-17,-1.61885479573924
LUAD,343450,KCNT2,2.0416e-13,-1.97673022067715
LUAD,259266,ASPM,1e-20,2.4032677223393
LUAD,9928,KIF14,1e-20,1.53106949272595
LUAD,55765,INAVA,1e-20,2.19731904004637
LUAD,3898,LAD1,1e-20,1.96501377363761
LUAD,25802,LMOD1,9.0901e-13,-1.80831372956353
LUAD,29089,UBE2T,1e-20,3.23508821962691
LUAD,100506696,PCAT6,1e-20,2.50871747715646
LUAD,5549,PRELP,1.3626e-12,-1.67945830068507
LUAD,22874,PLEKHA6,1e-20,1.56158972748302
LUAD,93273,LEMD1,1e-20,2.01171342056379
LUAD,947,CD34,1.0828e-15,-1.60514101333177
LUAD,4751,NEK2,1e-20,3.84888415191875
LUAD,51514,DTL,1e-20,2.05487458345288
LUAD,1063,CENPF,1e-20,3.30441493653313
LUAD,79762,C1orf115,8.246e-18,-1.90333106770032
LUAD,89780,WNT3A,2.761e-20,-3.6611795223382
LUAD,57165,GJC2,8.7718e-12,-1.69696521327595
LUAD,9156,EXO1,1e-20,2.55139296802745
LUAD,55083,KIF26B,1e-20,2.96476826967405
LUAD,55657,ZNF692,1e-20,1.53843044771903
LUAD,285016,ALKAL2,1.342e-12,-3.49018501809594
LUAD,192668,CYS1,1.8043e-11,-2.33355775713937
LUAD,4148,MATN3,4.3784e-12,-2.25640199875827
LUAD,22979,EFR3B,3.2526e-12,-1.84864374410868
LUAD,150946,GAREM2,1e-20,1.69063743120698
LUAD,3777,KCNK3,3.845e-16,-3.2729981889146
LUAD,1058,CENPA,1e-20,3.2967510558642
LUAD,10669,CGREF1,1e-20,2.08133962745194
LUAD,79623,GALNT14,1e-20,3.29269973364891
LUAD,7498,XDH,1e-20,2.50385753257743
LUAD,58484,NLRC4,7.0018e-20,-2.05647215153447
LUAD,25797,QPCT,1e-20,1.78504266149608
LUAD,91461,PKDCC,5.6832e-14,-1.81563932490461
LUAD,5581,PRKCE,2.4158e-17,-1.75487265542143
LUAD,2034,EPAS1,1.5279e-17,-2.68862795630627
LUAD,4072,EPCAM,1e-20,1.61007959973503
LUAD,693144,MIR559,1e-20,2.34482849699744
LUAD,6711,SPTBN1,5.1229e-19,-1.8612357128859
LUAD,2202,EFEMP1,1e-20,-1.87345969875794
LUAD,100129434,AC007743.1,5.9499e-17,-2.18173865968866
LUAD,114800,CCDC85A,1.1918e-17,-1.87381319835909
LUAD,5013,OTX1,1e-20,1.92295896423617
LUAD,29094,LGALSL,2.063e-15,-1.74130043558315
LUAD,200504,GKN2,1.8915e-14,-5.21677372801287
LUAD,150726,FBXO41,1e-20,1.67959937485923
LUAD,10797,MTHFD2,1e-20,1.63100693460243
LUAD,6439,SFTPB,1.1889e-16,-1.72259147462779
LUAD,84913,ATOH8,1.5696e-15,-2.61037518109409
LUAD,4118,MAL,7.5567e-13,-1.90594176621497
LUAD,150696,PROM2,1e-20,2.43446455384296
LUAD,23397,NCAPH,1e-20,2.38294386956899
LUAD,3899,AFF3,5.951e-18,-3.30873947034459
LUAD,8808,IL1RL2,1e-20,1.62433488944509
LUAD,130827,TMEM182,1e-20,1.58353338218836
LUAD,2274,FHL2,1e-20,2.37149600394235
LUAD,27233,SULT1C4,1.1348e-14,-2.51650203620933
LUAD,55289,ACOXL,1e-20,-2.5670586262992
LUAD,150468,CKAP2L,1e-20,2.16671544496642
LUAD,8685,MARCO,1e-20,-3.7450764866194
LUAD,80775,TMEM177,1e-20,1.56635428719555
LUAD,2995,GYPC,1e-20,-1.80837009382444
LUAD,55679,LIMS2,1e-20,-2.88642509653406
LUAD,344148,NCKAP5,1e-20,-4.57272372576888
LUAD,9839,ZEB2,1e-20,-1.64044412320544
LUAD,11227,GALNT5,2.4e-11,-1.54840691932999
LUAD,9936,CD302,1e-20,-1.55868065619285
LUAD,2191,FAP,1e-20,2.05549310989305
LUAD,6332,SCN7A,7.3372e-17,-2.83716059242654
LUAD,115677,NOSTRIN,4.0457e-14,-1.64368481270199
LUAD,57405,SPC25,1e-20,2.2250167886076
LUAD,79901,CYBRD1,1e-20,-2.03553940713258
LUAD,5163,PDK1,1e-20,1.56896739773937
LUAD,11069,RAPGEF4,4.612e-16,-2.01706079476947
LUAD,83879,CDCA7,1e-20,3.13665491023544
LUAD,151126,ZNF385B,2.6315e-19,-3.10092336897912
LUAD,10203,CALCRL,6.9404e-17,-2.87249938154193
LUAD,1281,COL3A1,1e-20,2.67082799237162
LUAD,8436,CAVIN2,1e-20,-3.61680115855989
LUAD,5334,PLCL1,4.3962e-19,-1.77518098201886
LUAD,33,ACADL,1e-20,-4.02389730384413
LUAD,7145,TNS1,1e-20,-2.32616129280522
LUAD,151306,GPBAR1,1.5855e-18,-2.14947250352576
LUAD,6556,SLC11A1,6.7838e-11,-1.83682651035861
LUAD,1593,CYP27A1,8.2422e-17,-1.66395169627212
LUAD,1674,DES,1.0036e-14,-3.80630046752533
LUAD,130367,SGPP2,6.328900000000001e-19,1.80450823631596
LUAD,79843,FAM124B,5.8764e-11,-1.84097053248826
LUAD,1286,COL4A4,4.6682e-13,-1.52665112147191
LUAD,1285,COL4A3,4.7391e-11,-2.16735277871343
LUAD,80704,SLC19A3,6.240600000000001e-19,-3.68822055742498
LUAD,55022,PID1,1e-20,-2.0894499386855
LUAD,10316,NMUR1,6.0491e-14,-2.40979822782842
LUAD,25791,NGEF,1e-20,2.59120067293238
LUAD,55355,HJURP,1e-20,3.42532501937959
LUAD,10267,RAMP1,1e-20,1.77307075745931
LUAD,55502,HES6,1.5517e-14,1.69922997635697
LUAD,27255,CNTN6,1e-20,-3.42492208821069
LUAD,29995,LMCD1,6.2325e-16,-1.79697386455803
LUAD,2177,FANCD2,1e-20,1.55932267956306
LUAD,5468,PPARG,1.7703e-15,-1.58010856405024
LUAD,7476,WNT7A,9.2032e-13,-3.15283240468942
LUAD,152273,FGD5,1e-20,-2.43281850876869
LUAD,9467,SH3BP5,7.0273e-16,-1.53043139857102
LUAD,151648,SGO1,1e-20,1.70132725741294
LUAD,27303,RBMS3,1.0686e-20,-1.86386366644962
LUAD,7048,TGFBR2,1e-20,-1.74922916492591
LUAD,6769,STAC,3.8793e-20,-2.5654791404197
LUAD,9942,XYLB,1e-20,1.55440205070529
LUAD,64651,CSRNP1,3.9938e-12,-2.42276847161233
LUAD,7433,VIPR1,2.938e-12,-3.28501853397891
LUAD,56992,KIF15,1e-20,1.81966818349646
LUAD,7123,CLEC3B,1e-20,-4.33285471941788
LUAD,9034,CCRL2,1e-20,-1.79429339625638
LUAD,5745,PTH1R,6.0972e-18,-2.21922963514548
LUAD,993,CDC25A,1e-20,1.50639883152745
LUAD,1294,COL7A1,1e-20,1.63273352595054
LUAD,10293,TRAIP,1e-20,1.77411134524528
LUAD,101928931,SEMA3B-AS1,6.1615e-14,-1.54160982468899
LUAD,7869,SEMA3B,2.3708e-17,-2.27145096826568
LUAD,3373,HYAL1,1e-20,-2.84828717473311
LUAD,9254,CACNA2D2,1e-20,-3.56370107507308
LUAD,25886,POC1A,1e-20,1.52464006922779
LUAD,56920,SEMA3G,1.3917e-11,-3.00482853201683
LUAD,7134,TNNC1,1e-20,-4.06216301382505
LUAD,692089,SNORD19,7.1074e-12,1.5089356618644
LUAD,100874016,SYNPR-AS1,1e-20,1.71940251193326
LUAD,100507098,ADAMTS9-AS2,6.7471e-11,-2.03491998434916
LUAD,6092,ROBO2,3.6002e-12,-2.40878974758941
LUAD,5627,PROS1,1e-20,-1.60418972027637
LUAD,25890,ABI3BP,2.2909e-19,-2.83565375910177
LUAD,57650,CIP2A,1e-20,1.62047103638321
LUAD,79413,ZBED2,2.9939e-11,-2.52951738102713
LUAD,90102,PHLDB2,7.219e-15,-1.80628239657111
LUAD,4045,LSAMP,8.7105e-16,-1.7552122871808
LUAD,57514,ARHGAP31,1e-20,-2.30225445982235
LUAD,141,ADPRH,1e-20,-1.56250483094322
LUAD,3081,HGD,1e-20,2.03693010723135
LUAD,6565,SLC15A2,1e-20,-1.85041108459954
LUAD,56667,MUC13,1.3312e-17,1.98075651923102
LUAD,57493,HEG1,1.1427e-17,-2.3010068732134
LUAD,200810,ALG1L,1e-20,3.1150812648
LUAD,101927123,LINC02016,3.6913e-13,-3.09828479572342
LUAD,4171,MCM2,1e-20,1.64184278606685
LUAD,50512,PODXL2,1e-20,3.06920854049703
LUAD,2624,GATA2,2.3636e-11,-1.84610165146654
LUAD,79825,EFCC1,3.7527e-18,-2.72845409431069
LUAD,131873,COL6A6,1.1849e-15,-3.35983359332559
LUAD,51554,ACKR4,6.418e-19,-2.5909612413426
LUAD,80111,SLCO2A1,1.2848e-11,-1.84566162100549
LUAD,51208,CLDN18,1e-20,-6.40719066209716
LUAD,83850,ESYT3,6.3084e-12,-1.59890769911975
LUAD,26577,PCOLCE2,4.0636e-16,-3.062060577539
LUAD,5352,PLOD2,1e-20,1.52939383197453
LUAD,185,AGTR1,3.7723e-16,-2.8539634624815
LUAD,1359,CPA3,6.9616e-13,-1.910985311997
LUAD,1356,CP,1e-20,3.55842036792278
LUAD,9934,P2RY14,1.8126e-15,-1.54973101701625
LUAD,285313,IGSF10,8.2523e-14,-3.56727719153395
LUAD,401093,MBNL1-AS1,3.5557e-18,-1.91647664443772
LUAD,5028,P2RY1,1.086e-14,-1.82535962378975
LUAD,26084,ARHGEF26,1e-20,-2.96472178673198
LUAD,4311,MME,1e-20,-3.55395222438368
LUAD,7881,KCNAB1,2.4278e-13,-1.72904626787144
LUAD,79674,VEPH1,1e-20,-3.25430760141321
LUAD,8706,B3GALNT1,4.9316e-17,-1.5139097732499
LUAD,1894,ECT2,1e-20,1.95221041746281
LUAD,27094,KCNMB3,1e-20,1.55912860431908
LUAD,27074,LAMP3,1e-20,-3.35020605988921
LUAD,110599564,EEF1AKMT4,1e-20,2.01534662609525
LUAD,5984,RFC4,1e-20,1.51348755758628
LUAD,116832,RPL39L,1e-20,2.12187487210446
LUAD,5648,MASP1,1.8005e-16,-3.1201566404361
LUAD,285386,TPRG1,1.3637e-19,-1.95324065714292
LUAD,55214,P3H2,1e-20,-2.92205331037566
LUAD,84239,ATP13A4,5.1375e-17,-2.28757520552782
LUAD,131578,LRRC15,1e-20,2.17342390812791
LUAD,200958,MUC20,1e-20,1.59235793349912
LUAD,4585,MUC4,1e-20,1.96301362394244
LUAD,4241,MELTF,1e-20,1.87436419082486
LUAD,10460,TACC3,1e-20,1.59963762253881
LUAD,401115,C4orf48,1e-20,1.53678565121318
LUAD,7466,WFS1,6.1591e-20,-1.75307109151721
LUAD,6286,S100P,1e-20,3.7467711844731
LUAD,84740,AFAP1-AS1,1e-20,4.41169740352087
LUAD,114905,C1QTNF7,3.4524e-17,-3.02612541702265
LUAD,9079,LDB2,4.0978e-19,-2.70600895730512
LUAD,64151,NCAPG,1e-20,2.54201035553661
LUAD,9353,SLIT2,4.5223e-16,-2.63211060173881
LUAD,55203,LGI2,1e-20,1.5859239769586
LUAD,80008,TMEM156,1e-20,2.44072002330486
LUAD,7345,UCHL1,1e-20,1.66867660753168
LUAD,22998,LIMCH1,1.0455e-18,-1.80270417676331
LUAD,132299,OCIAD2,1e-20,2.10358908858596
LUAD,10874,NMU,1e-20,2.73747044908606
LUAD,5471,PPAT,1e-20,1.82354094362129
LUAD,10606,PAICS,1e-20,1.76508180394457
LUAD,28983,TMPRSS11E,1e-20,1.50741409901544
LUAD,54959,ODAM,1e-20,-2.48928602262588
LUAD,80144,FRAS1,2.8224e-11,-2.079784328908
LUAD,306,ANXA3,1e-20,-2.15887000557332
LUAD,5593,PRKG2,1.1702e-20,-2.9712216418545
LUAD,79966,SCD5,1e-20,-1.98821902341946
LUAD,8404,SPARCL1,3.0838e-17,-2.02399735949624
LUAD,6696,SPP1,1e-20,4.76756966300837
LUAD,9429,ABCG2,8.8515e-11,-1.94491728448863
LUAD,6622,SNCA,2.2601e-18,-1.81096617560998
LUAD,27306,HPGDS,2.9644e-17,-1.70098391460464
LUAD,115265,DDIT4L,1e-20,2.15640606530673
LUAD,51705,EMCN,1.1663e-20,-3.14871943055801
LUAD,64116,SLC39A8,1e-20,-2.70231063730277
LUAD,1062,CENPE,1e-20,1.59598097896562
LUAD,255743,NPNT,1e-20,-2.44840374433325
LUAD,27123,DKK2,2.8694e-15,-2.56312374818522
LUAD,7368,UGT8,1e-20,1.66238878751171
LUAD,171024,SYNPO2,1.73e-12,-2.03520367248888
LUAD,8654,PDE5A,1.2166e-15,-1.76256882269501
LUAD,4085,MAD2L1,1e-20,2.33359905535869
LUAD,79625,NDNF,1e-20,-2.19503634857069
LUAD,890,CCNA2,1e-20,2.78422265307997
LUAD,2247,FGF2,1.3824e-11,-2.27828217953273
LUAD,10733,PLK4,1e-20,1.78414292102592
LUAD,23657,SLC7A11,1e-20,2.11236652307256
LUAD,2996,GYPE,1e-20,-3.40463068421761
LUAD,646576,HHIP-AS1,2.1698e-17,-2.68124096664792
LUAD,64399,HHIP,2.4847e-15,-4.43406573896217
LUAD,84057,MND1,1e-20,2.83207985267166
LUAD,6999,TDO2,4.6303e-20,1.82896169800878
LUAD,59350,RXFP1,3.8746e-17,-2.71786831273266
LUAD,9848,MFAP3L,1.3683e-13,-2.51371085761224
LUAD,51809,GALNT7,1e-20,1.640448924224
LUAD,2823,GPM6A,1e-20,-5.65386256532618
LUAD,80014,WWC2,1e-20,-2.42824288468372
LUAD,79682,CENPU,1e-20,2.29678090644114
LUAD,55805,LRP2BP,7.4941e-13,-2.11008051979445
LUAD,2160,F11,1.0287e-16,-2.74803179557241
LUAD,11076,TPPP,7.4016e-13,-2.13494030842411
LUAD,153572,IRX2,2.9698e-11,-2.02470476608089
LUAD,153571,C5orf38,3.9787e-18,-1.99695466801077
LUAD,9037,SEMA5A,8.027700000000001e-19,-3.19854567938208
LUAD,651746,ANKRD33B,1.6752e-12,-1.7986726789578
LUAD,54491,OTULINL,1.6315e-12,-1.7943609454493
LUAD,54463,RETREG1,5.4123e-20,-1.89678880807267
LUAD,23037,PDZD2,1e-20,-2.8626456265785
LUAD,3575,IL7R,2.1674e-12,-1.98364934383604
LUAD,3977,LIFR,5.0828e-12,-1.76250296341409
LUAD,5734,PTGER4,1e-20,-1.69424778142327
LUAD,730,C7,2.6198e-12,-2.32185037533802
LUAD,2690,GHR,8.578100000000001e-19,-2.34283916046905
LUAD,6414,SELENOP,1e-20,-1.79061623790575
LUAD,10309,CCNO,3.6032e-18,2.45051767512545
LUAD,55789,DEPDC1B,1e-20,2.58303762379666
LUAD,64105,CENPK,1e-20,2.02928537053126
LUAD,57486,NLN,1e-20,1.58941428529224
LUAD,891,CCNB1,1e-20,2.83917557294682
LUAD,167465,ZNF366,4.613e-12,-1.59693514238723
LUAD,100505994,LUCAT1,1.0589e-18,2.58024909045985
LUAD,353189,SLCO4C1,6.6429e-13,-1.92853601305905
LUAD,1036,CDO1,3.7642e-18,-3.10264303083758
LUAD,4001,LMNB1,1e-20,1.7740112986714
LUAD,5307,PITX1,1e-20,3.23771666769931
LUAD,9547,CXCL14,5.1695e-17,2.46298303787654
LUAD,2676,GFRA3,8.7939e-16,1.63506010661798
LUAD,995,CDC25C,1e-20,2.19597745864259
LUAD,51237,MZB1,1e-20,1.90329186048608
LUAD,641700,ECSCR,2.1225e-20,-2.26020584322202
LUAD,1839,HBEGF,2.1231e-12,-2.60445543370531
LUAD,56099,PCDHGB7,1.3762e-16,-1.96746524092553
LUAD,5098,PCDHGC3,8.8021e-15,-1.62256990994288
LUAD,51294,PCDH12,1.1233e-13,-1.81460686974921
LUAD,202374,STK32A,1e-20,1.98912771773728
LUAD,6690,SPINK1,3.7069e-16,4.43688749587039
LUAD,389336,C5orf46,1e-20,1.6073895000244
LUAD,154,ADRB2,1e-20,-3.20950209580132
LUAD,22885,ABLIM3,4.2231000000000004e-19,-1.78519377154241
LUAD,134265,AFAP1L1,8.3759e-15,-1.75667718504111
LUAD,11346,SYNPO,1e-20,-1.72602786746491
LUAD,2878,GPX3,1e-20,-2.80392246025793
LUAD,26112,CCDC69,1e-20,-1.65347737464921
LUAD,2890,GRIA1,2.9088e-17,-3.31990690666801
LUAD,114898,C1QTNF2,1.4594e-16,-1.94671818830276
LUAD,9232,PTTG1,1e-20,2.11673104390075
LUAD,3161,HMMR,1e-20,3.01339559336904
LUAD,6586,SLIT3,1.8682e-18,-3.06219154312935
LUAD,1843,DUSP1,4.829e-13,-1.99662242135133
LUAD,94081,SFXN1,1e-20,1.50912573874474
LUAD,114787,GPRIN1,1e-20,2.15898325116039
LUAD,3101,HK3,1.2837e-11,-1.97715042705031
LUAD,2264,FGFR4,2.2497e-19,-3.13795787736469
LUAD,83463,MXD3,1e-20,1.59784248518392
LUAD,2161,F12,1e-20,1.62807365419614
LUAD,2324,FLT4,3.333e-12,-1.5198109947823
LUAD,153579,BTNL9,8.8956e-13,-3.94044639634036
LUAD,2295,FOXF2,1.7193e-13,-1.5265054877783
LUAD,347733,TUBB2B,3.0013e-18,1.60644222813161
LUAD,10799,RPP40,1e-20,1.62097789904764
LUAD,51299,NRN1,7.8238e-16,-2.27049317589029
LUAD,1832,DSP,1e-20,2.03362890386966
LUAD,7020,TFAP2A,1e-20,2.64477921926295
LUAD,4739,NEDD9,1.5804e-17,-1.94841655003981
LUAD,84830,ADTRP,4.1179e-15,-2.51325958092806
LUAD,221692,PHACTR1,1e-20,-2.69691794160671
LUAD,54438,GFOD1,2.0626e-14,-2.00662507648271
LUAD,221687,RNF182,2.6961e-11,-1.89646561618943
LUAD,255488,RNF144B,1e-20,-1.76362515635435
LUAD,3400,ID4,5.136e-18,-2.3721083030972
LUAD,6659,SOX4,1e-20,1.61533509757162
LUAD,51473,DCDC2,8.5743e-13,-2.09206505226459
LUAD,394263,MUC21,1e-20,2.26610063354099
LUAD,629,CFB,3.9883e-17,1.62088494172942
LUAD,7148,TNXB,3.2233e-13,-3.38967464557099
LUAD,177,AGER,1e-20,-6.76965845657555
LUAD,4855,NOTCH4,1.7232e-14,-1.99115048169258
LUAD,3833,KIFC1,1e-20,2.68365235128037
LUAD,3159,HMGA1,1e-20,2.00337284069243
LUAD,6204,RPS10,1e-20,1.53448164250409
LUAD,25803,SPDEF,1e-20,2.96646633709954
LUAD,222663,SCUBE3,1e-20,1.50842865253186
LUAD,222662,LHFPL5,1e-20,1.51349074558812
LUAD,6732,SRPK1,1e-20,1.62391769109752
LUAD,266727,MDGA1,1.7367e-11,-2.02894322156406
LUAD,4337,MOCS1,3.186e-17,-1.54627071505613
LUAD,222643,UNC5CL,1e-20,3.01336250714456
LUAD,171558,PTCRA,7.1687e-15,-2.43001758672766
LUAD,860,RUNX2,1e-20,1.54190806102958
LUAD,53405,CLIC5,1e-20,-4.53346705403134
LUAD,221395,ADGRF5,1.3665e-18,-1.65012022809276
LUAD,266977,ADGRF1,1e-20,1.8948713372412
LUAD,27242,TNFRSF21,1e-20,2.04481733384788
LUAD,135398,C6orf141,1e-20,1.72250394073914
LUAD,54511,HMGCLL1,2.4358000000000004e-19,-1.87970576628229
LUAD,202559,KHDRBS2,1e-20,-3.05831649559082
LUAD,51557,LGSN,1e-20,2.43482835641991
LUAD,27145,FILIP1,1e-20,-2.39028598465626
LUAD,80078,LCAL1,1.319e-19,2.08474462086847
LUAD,7272,TTK,1e-20,2.76595900604575
LUAD,7162,TPBG,1e-20,1.80373067655795
LUAD,9457,FHL5,1.7567e-18,-3.09896360683146
LUAD,55084,SOBP,1e-20,-1.9789663001278
LUAD,27244,SESN1,1e-20,-1.65403554961775
LUAD,8528,DDO,2.7135e-19,-1.81632863353332
LUAD,1300,COL10A1,1e-20,4.90506202354978
LUAD,221303,FAM162B,6.7499e-16,-2.47862545756615
LUAD,79632,FAM184A,1.3791e-14,-1.81478330572647
LUAD,5570,PKIB,1e-20,1.67186933730785
LUAD,2037,EPB41L2,1.8927e-16,-1.57435600368226
LUAD,1490,CCN2,7.4196e-11,-1.64159193542232
LUAD,6943,TCF21,2.9061000000000005e-19,-3.88688511250832
LUAD,53832,IL20RA,6.4399e-12,-1.80366253972983
LUAD,57224,NHSL1,1e-20,-1.99714223404565
LUAD,9749,PHACTR2,7.381e-18,-1.70177310713457
LUAD,8676,STX11,1e-20,-3.05899740171965
LUAD,7402,UTRN,4.4488e-16,-1.57368294141517
LUAD,389432,SAMD5,7.9566e-11,-1.76341157447001
LUAD,23328,SASH1,2.2117e-16,-1.8391255793494
LUAD,80177,MYCT1,1e-20,-2.45432539518447
LUAD,26575,RGS17,1e-20,1.54052329643822
LUAD,8871,SYNJ2,1e-20,1.50349840009226
LUAD,84624,FNDC1,2.3907e-16,1.73696559416621
LUAD,7058,THBS2,1e-20,2.64538836116341
LUAD,115330,GPR146,1.3099e-14,-1.98440706531061
LUAD,202915,TMEM184A,1e-20,2.92616839527271
LUAD,84433,CARD11,1e-20,1.71165162169179
LUAD,55698,RADIL,2.31e-17,-2.49415956371284
LUAD,222962,SLC29A4,1e-20,2.36982092740335
LUAD,10551,AGR2,1e-20,2.16886782612498
LUAD,10643,IGF2BP3,1e-20,1.55040819321728
LUAD,56164,STK31,1e-20,1.59024270806259
LUAD,105375304,AC004540.2,6.5021e-14,-2.13245029602365
LUAD,3202,HOXA5,5.8669e-12,-1.66290983704306
LUAD,79017,GGCT,1e-20,1.63234888625662
LUAD,11185,INMT,4.6757e-19,-4.20387794202199
LUAD,358,AQP1,1e-20,-2.96294562769179
LUAD,168667,BMPER,7.3987e-14,-2.42867840994823
LUAD,79783,SUGCT,1e-20,1.69202335049523
LUAD,10268,RAMP3,1.6159e-14,-3.17457970913443
LUAD,3486,IGFBP3,1e-20,1.95629617147962
LUAD,6804,STX1A,1e-20,2.52939241383302
LUAD,1365,CLDN3,1e-20,1.87645090313053
LUAD,7784,ZP3,1e-20,1.84549005094438
LUAD,105375355,UPK3B,1.5943e-17,-5.96515766211095
LUAD,100505881,MAGI2-AS3,1e-20,-1.78901261611524
LUAD,26872,STEAP1,1e-20,2.60109504148473
LUAD,2791,GNG11,4.4915e-13,-2.139110839999
LUAD,402569,KPNA7,1e-20,1.93621390100641
LUAD,407014,MIR25,1e-20,1.87310118553317
LUAD,29992,PILRA,1e-20,-1.62694231072199
LUAD,100616117,MIR4653,1e-20,2.77273024776718
LUAD,723809,LHFPL3-AS2,4.2977e-20,-3.870807129187
LUAD,54674,LRRN3,7.2855e-17,-3.29821840245213
LUAD,9732,DOCK4,1.4006e-19,-1.74260079974394
LUAD,858,CAV2,1e-20,-2.63964889440236
LUAD,857,CAV1,1e-20,-4.18335139307694
LUAD,79974,CPED1,1e-20,-2.15336953290592
LUAD,57464,STRIP2,1e-20,1.66667427211982
LUAD,100287482,SMKR1,1.2908000000000001e-19,1.92994583183618
LUAD,92092,ZC3HAV1L,1e-20,1.62561029821263
LUAD,27147,DENND2A,1.8342e-19,-2.045179687056
LUAD,135932,TMEM139,1e-20,-2.85299758761332
LUAD,2146,EZH2,1e-20,2.49466935277434
LUAD,9601,PDIA4,1e-20,1.72049870762438
LUAD,155038,GIMAP8,3.0246e-18,-2.35258763335025
LUAD,168537,GIMAP7,1.7332e-19,-1.83121294007212
LUAD,55303,GIMAP4,1e-20,-1.55006108111964
LUAD,474344,GIMAP6,1e-20,-2.22676051771771
LUAD,170575,GIMAP1,1.2286e-17,-2.07025287702202
LUAD,26,AOC1,1e-20,2.97563018628082
LUAD,349136,WDR86,1e-20,1.80083988490127
LUAD,7516,XRCC2,1e-20,1.56657164062676
LUAD,645249,MNX1-AS1,1e-20,1.71457523885163
LUAD,54892,NCAPG2,1e-20,1.52936729627324
LUAD,83595,SOX7,3.8475e-11,-3.09456093682507
LUAD,83648,FAM167A,6.3605e-14,-2.54697852643046
LUAD,10395,DLC1,1.0417e-17,-2.55588730873249
LUAD,4481,MSR1,8.8348e-17,-2.43964092633924
LUAD,5157,PDGFRL,1e-20,1.57345994453961
LUAD,2267,FGL1,7.8152e-11,1.73811928878258
LUAD,4023,LPL,1e-20,-3.07814368544259
LUAD,9046,DOK2,4.2747000000000004e-19,-1.90473113150684
LUAD,203190,LGI3,1e-20,-6.161686174584
LUAD,6440,SFTPC,1e-20,-7.35483103007538
LUAD,64236,PDLIM2,1e-20,-2.04861243841312
LUAD,157310,PEBP4,1e-20,-4.36020095970084
LUAD,389641,AC100861.1,1e-20,1.58496250072116
LUAD,10863,ADAM28,1e-20,2.24445560967381
LUAD,157313,CDCA2,1e-20,1.73205207330029
LUAD,1808,DPYSL2,1e-20,-1.69118463493458
LUAD,157570,ESCO2,1e-20,1.51601514700366
LUAD,55872,PBK,1e-20,3.09182728632479
LUAD,80223,RAB11FIP1,2.6071e-15,-1.51471522506568
LUAD,6867,TACC1,1e-20,-1.82582506391275
LUAD,4173,MCM4,1e-20,2.07420467344834
LUAD,64321,SOX17,1.7954e-11,-2.58471687289373
LUAD,100507632,LINC00968,2.2561e-16,-2.83025532416768
LUAD,80243,PREX2,4.6352e-15,-2.26901656384892
LUAD,286189,C8orf34-AS1,1.4847e-12,-2.12348330385835
LUAD,23213,SULF1,1e-20,2.37607442703043
LUAD,157869,SBSPON,1.9042e-20,-3.17966639592051
LUAD,3174,HNF4G,1e-20,1.94410879910795
LUAD,101927067,LINC01607,1e-20,1.60122108558495
LUAD,2171,FABP5,6.83e-19,-2.25639674250842
LUAD,2167,FABP4,8.3122e-16,-6.00830383240494
LUAD,64168,NECAB1,1e-20,-3.40135740989028
LUAD,9134,CCNE2,1e-20,1.53704751940466
LUAD,284,ANGPT1,3.5707e-17,-2.70632143104625
LUAD,340419,RSPO2,4.8916e-15,-2.87243479584022
LUAD,79075,DSCC1,1e-20,1.59877574735584
LUAD,27085,MTBP,1e-20,1.53366971705155
LUAD,84985,FAM83A,1e-20,6.04660019240139
LUAD,100131726,FAM83A-AS1,1e-20,2.45864447937567
LUAD,29028,ATAD2,1e-20,1.67351257374346
LUAD,114907,FBXO32,1e-20,1.71949546098401
LUAD,5820,PVT1,1e-20,2.62580973435727
LUAD,56169,GSDMC,1e-20,1.93979830453305
LUAD,3786,KCNQ3,1e-20,1.98405159006171
LUAD,8840,CCN4,1e-20,2.30801805062506
LUAD,22898,DENND3,2.7328e-19,-1.88319674441717
LUAD,338328,GPIHBP1,3.4016e-16,-4.71564831559717
LUAD,114822,RHPN1,1e-20,1.81732521081253
LUAD,642475,MROH6,1e-20,2.16868482682723
LUAD,23246,BOP1,1e-20,1.54477585221553
LUAD,4796,TONSL,1e-20,1.89395516535047
LUAD,9401,RECQL4,1e-20,2.77488966730097
LUAD,6505,SLC1A1,5.8471e-17,-2.48338252100788
LUAD,90865,IL33,1.9242000000000002e-19,-2.57519634378863
LUAD,401494,HACD4,1e-20,-1.52986106652594
LUAD,1029,CDKN2A,1e-20,2.18220333122075
LUAD,1030,CDKN2B,1.8207e-14,-1.54356542386998
LUAD,7010,TEK,1.517e-18,-3.43589260148995
LUAD,84904,ARHGEF39,1e-20,1.84317989025717
LUAD,768,CA9,1e-20,2.52331103075142
LUAD,158376,SPAAR,7.850800000000001e-19,-2.73198218665195
LUAD,8434,RECK,1.8714e-18,-1.56449483581513
LUAD,152007,GLIPR2,1e-20,-2.18084828028169
LUAD,347252,IGFBPL1,1e-20,1.59211468625197
LUAD,5239,PGM5,1.3465000000000002e-19,-2.31590037475852
LUAD,101927015,LINC01506,2.7045e-11,-1.52406367577721
LUAD,8395,PIP5K1B,1e-20,-2.768770008102
LUAD,9413,FAM189A2,1e-20,-3.35078954998984
LUAD,256691,MAMDC2,2.3099e-18,-3.22013621977849
LUAD,687,KLF9,2.6042e-13,-1.71341924232932
LUAD,29968,PSAT1,1e-20,3.37213829016979
LUAD,257019,FRMD3,1.4966e-20,-2.85712669752103
LUAD,51280,GOLM1,1e-20,2.642337412046
LUAD,53358,SHC3,1.7245e-14,-2.07132530719007
LUAD,65268,WNK2,2.8573e-17,1.63273352595054
LUAD,100188953,LINC00092,1.3786e-19,-1.85279789281877
LUAD,7111,TMOD1,2.466e-18,-1.97647579046483
LUAD,9314,KLF4,9.4545e-13,-2.51134362502648
LUAD,79987,SVEP1,6.3163e-15,-2.66135382441601
LUAD,57864,SLC46A2,9.7493e-16,-3.33982996781875
LUAD,7099,TLR4,1e-20,-1.67062353498639
LUAD,89853,MVB12B,7.393e-16,-1.65858923472078
LUAD,10044,SH2D3C,3.6763e-19,-2.24603391840406
LUAD,2022,ENG,1.1943e-16,-1.55948673096417
LUAD,3934,LCN2,4.0558e-19,2.06088611469252
LUAD,389792,IER5L,1e-20,1.51121097855853
LUAD,51450,PRRX2,1e-20,1.62809707554424
LUAD,9536,PTGES,1e-20,2.44282611178367
LUAD,10319,LAMC3,3.14e-12,-2.09571431882628
LUAD,642515,PRRT1B,1.079e-14,-2.00922315232599
LUAD,5047,PAEP,2.9943e-12,2.93941466130072
LUAD,286256,LCN12,1e-20,2.00893312477001
LUAD,9022,CLIC3,1e-20,-2.4697165087616
LUAD,954,ENTPD2,1e-20,1.52807116457874
LUAD,89958,SAPCD2,1e-20,2.44334142580323
LUAD,5214,PFKP,1e-20,2.03049669635429
LUAD,1316,KLF6,5.8636e-13,-1.6544528950192
LUAD,5588,PRKCQ,1e-20,-1.81736774205069
LUAD,80760,ITIH5,1e-20,-2.69066618298697
LUAD,207107,SFTA1P,1e-20,-2.86003981692139
LUAD,55388,MCM10,1e-20,2.05380644369579
LUAD,8516,ITGA8,1.3171e-16,-2.36041139286193
LUAD,338596,ST8SIA6,1.7309e-17,-3.30888505741176
LUAD,4360,MRC1,6.8861e-17,-2.68950324229793
LUAD,10529,NEBL,1e-20,-1.77505861219073
LUAD,256815,C10orf67,1.6103e-14,-2.17376706773671
LUAD,105376453,AL606469.1,2.598e-13,-2.54744982914397
LUAD,220213,OTUD1,2.1571e-18,-2.04500636137033
LUAD,57608,JCAD,5.3636e-15,-2.34104429982259
LUAD,6935,ZEB1,3.6924e-14,-1.5166738843821
LUAD,8187,ZNF239,1e-20,1.59118664874657
LUAD,240,ALOX5,1.0254e-15,-1.88710670653382
LUAD,728113,ANXA8L1,1.0831e-11,-3.11852584893567
LUAD,9721,GPRIN2,1.5224e-20,-2.04623071197554
LUAD,2662,GDF10,2.7701000000000003e-19,-4.18045030885935
LUAD,170371,TMEM273,1e-20,-1.66508718883011
LUAD,5592,PRKG1,2.1683e-17,-1.71800674441256
LUAD,11130,ZWINT,1e-20,2.60900583332496
LUAD,220965,FAM13C,3.9625e-14,-1.85735197312743
LUAD,220963,SLC16A9,1e-20,2.04368923862089
LUAD,983,CDK1,1e-20,2.33020757265193
LUAD,219790,RTKN2,2.0922000000000002e-19,-4.69406349059715
LUAD,56521,DNAJC12,1e-20,3.46542006404469
LUAD,1763,DNA2,1e-20,2.07779389439685
LUAD,80201,HKDC1,1e-20,1.50661534833806
LUAD,64115,VSIR,1e-20,-1.6024757002408
LUAD,9806,SPOCK2,1e-20,-3.68864430726976
LUAD,58529,MYOZ1,3.2043e-11,-2.23938751941393
LUAD,5328,PLAU,1e-20,1.89616832316751
LUAD,729238,SFTPA2,2.0008e-20,-3.95472360215466
LUAD,653509,SFTPA1,1e-20,-4.16222535601006
LUAD,6441,SFTPD,1e-20,-3.4138590112445
LUAD,219348,PLAC9,5.9339e-18,-2.72624883028803
LUAD,439990,LINC00857,1e-20,2.15055967657538
LUAD,79812,MMRN2,9.8589e-18,-2.0717396547619
LUAD,9060,PAPSS2,1e-20,-1.58890054252966
LUAD,118932,ANKRD22,1e-20,2.71053031768913
LUAD,3832,KIF11,1e-20,2.57729492462474
LUAD,338557,FFAR4,1.5337e-11,-2.81329262581723
LUAD,5950,RBP4,4.0289e-13,-3.28598394292258
LUAD,51196,PLCE1,4.997e-14,-1.67991612883768
LUAD,3070,HELLS,1e-20,2.22234847625532
LUAD,10580,SORBS1,3.2011e-17,-1.71678435479426
LUAD,5832,ALDH18A1,1e-20,1.68194068880885
LUAD,401647,GOLGA7B,1e-20,2.27800846822876
LUAD,55118,CRTAC1,1e-20,-3.74932603847659
LUAD,10360,NPM3,1e-20,1.68844279836712
LUAD,1308,COL17A1,1.2645e-20,2.78701447377343
LUAD,85450,ITPRIP,4.6407e-12,-1.57042995013168
LUAD,153,ADRB1,3.3397e-13,-3.86900156453241
LUAD,2869,GRK5,1e-20,-2.82947895822944
LUAD,2263,FGFR2,1.9669e-20,-2.24988391234798
LUAD,196792,FAM24B,1e-20,1.55244733849088
LUAD,8038,ADAM12,1e-20,2.70426715979315
LUAD,4288,MKI67,1e-20,3.14258399519901
LUAD,101,ADAM8,1e-20,2.03821089953613
LUAD,338707,B4GALNT4,1e-20,1.85359650620251
LUAD,727897,MUC5B,3.0792000000000002e-19,3.2426131542868
LUAD,5003,SLC22A18AS,1e-20,1.93469256084709
LUAD,7262,PHLDA2,1e-20,2.49206020077889
LUAD,283298,OLFML1,1.2301e-16,-1.73966490408976
LUAD,10894,LYVE1,7.5559e-14,-3.38556982535587
LUAD,79733,E2F8,1e-20,2.20194745644116
LUAD,387758,FIBIN,1.486e-13,-2.38555992846117
LUAD,55366,LGR4,1e-20,2.65592540780345
LUAD,627,BDNF,4.8483e-14,-2.34823241923927
LUAD,4005,LMO2,2.4160000000000003e-20,-2.0160598508961
LUAD,847,CAT,1e-20,-1.92366136173198
LUAD,90139,TSPAN18,9.2828e-17,-2.17108823072596
LUAD,120071,LARGE2,1e-20,2.14021478684372
LUAD,4192,MDK,1e-20,2.87968891822795
LUAD,6688,SPI1,1.4466e-16,-1.56148865927911
LUAD,349667,RTN4RL2,1e-20,2.33528647774238
LUAD,374393,FAM111B,1e-20,2.58033492741522
LUAD,2206,MS4A2,1.0522e-12,-2.33509747013817
LUAD,58475,MS4A7,1.5122000000000002e-19,-2.10051569822427
LUAD,219995,AP004243.1,1.1203e-15,-5.07973627186936
LUAD,54972,TMEM132A,1e-20,1.89622420772966
LUAD,9066,SYT7,1e-20,2.98600903779219
LUAD,745,MYRF,2.3269e-15,-2.93143367010755
LUAD,2237,FEN1,1e-20,1.56675926965161
LUAD,79026,AHNAK,6.566400000000001e-19,-2.31322315993164
LUAD,26472,PPP1R14B,1e-20,2.09267340169931
LUAD,10235,RASGRP2,2.9153e-13,-1.51763564706397
LUAD,113130,CDCA5,1e-20,2.92256077767087
LUAD,102724064,AP001107.9,1.5057e-13,-1.63806355114559
LUAD,6712,SPTBN2,1e-20,2.57805565200536
LUAD,5091,PC,1e-20,1.77869785597722
LUAD,91683,SYT12,1e-20,2.60691594182521
LUAD,91703,ACY3,1e-20,2.16285452819051
LUAD,222,ALDH3B2,1e-20,2.07628691419676
LUAD,26579,MYEOV,1.6854e-17,2.06626144226872
LUAD,2348,FOLR1,9.5199e-13,-1.59514491771623
LUAD,5031,P2RY6,1e-20,2.67009384768911
LUAD,283208,P4HA3,1e-20,2.42884329880387
LUAD,283209,PGM2L1,1e-20,1.83186732068227
LUAD,11309,SLCO2B1,1.0363e-18,-1.5466406836154
LUAD,2615,LRRC32,1.4103e-12,-2.03897895051957
LUAD,192134,B3GNT6,1e-20,1.82863158168802
LUAD,4647,MYO7A,1e-20,2.00725114054268
LUAD,8322,FZD4,1.5977e-12,-1.77726752090337
LUAD,154810,AMOTL1,1e-20,-1.98297797802359
LUAD,4321,MMP12,1e-20,4.26228280642066
LUAD,4322,MMP13,2.4652e-13,2.34141652447872
LUAD,2977,GUCY1A2,1.3638e-14,-2.42011126815441
LUAD,54733,SLC35F2,1e-20,1.98990294927365
LUAD,5450,POU2AF1,8.1566e-16,1.81901210332383
LUAD,1410,CRYAB,1.9863e-20,-2.43470081976622
LUAD,23705,CADM1,1e-20,-1.77621304454534
LUAD,53826,FXYD6,1e-20,-1.98837380522968
LUAD,56649,TMPRSS4,1e-20,5.12809763870284
LUAD,120425,JAML,3.7891e-16,-1.77902481217972
LUAD,7070,THY1,1e-20,1.83687297474467
LUAD,84959,UBASH3B,9.0601e-16,-1.67245160741305
LUAD,85391,SNORD14E,1.88e-19,2.04591035180583
LUAD,4900,NRGN,9.5784e-13,-2.12667861385787
LUAD,23584,VSIG2,1e-20,-2.43976436261521
LUAD,90952,ESAM,1e-20,-2.24638361089347
LUAD,101929340,AP000866.2,1.1974e-19,-1.82702590248516
LUAD,54538,ROBO4,1.5972e-18,-2.93597596151456
LUAD,63876,PKNOX2,2.2106e-17,-2.73744802020009
LUAD,105369550,FEZ1,3.8002e-19,-2.19898199638734
LUAD,1111,CHEK1,1e-20,2.51949167111131
LUAD,2313,FLI1,6.3481e-20,-1.69263138956076
LUAD,3762,KCNJ5,3.2223e-16,-2.32561531512537
LUAD,8538,BARX2,7.4034e-16,2.98075651923102
LUAD,120224,TMEM45B,1e-20,1.70257785782519
LUAD,11095,ADAMTS8,1e-20,-4.4071288523659
LUAD,440073,IQSEC3,2.4199e-14,-2.19629228571223
LUAD,2305,FOXM1,1e-20,3.11376594797804
LUAD,894,CCND2,4.6788e-16,-1.52970359541431
LUAD,10635,RAD51AP1,1e-20,1.86266370323179
LUAD,7450,VWF,8.1414e-15,-2.30846191058427
LUAD,2597,GAPDH,1e-20,1.66700289142827
LUAD,83461,CDCA3,1e-20,3.0303301097868
LUAD,2,A2M,1.4414e-18,-1.95474893304943
LUAD,160364,CLEC12A,4.3466e-14,-2.28479401964096
LUAD,51267,CLEC1A,6.501900000000001e-19,-2.33325275777798
LUAD,4973,OLR1,1.7789e-17,-2.73947063408922
LUAD,55359,STYK1,1e-20,2.41419395075675
LUAD,9052,GPRC5A,3.5264000000000003e-19,-1.57935934137037
LUAD,420,ART4,9.3581e-11,-1.9789277763814
LUAD,3764,KCNJ8,3.5343e-17,-1.51261482895957
LUAD,6660,SOX5,5.7665e-15,-1.56364626948406
LUAD,56938,ARNTL2,1e-20,1.91067148344749
LUAD,105369734,LINC02471,8.1465e-13,-3.82273014794452
LUAD,120892,LRRK2,1.228e-16,-2.87973284305702
LUAD,144165,PRICKLE1,7.5463e-14,-1.71211676585405
LUAD,51303,FKBP11,1e-20,1.70332195491446
LUAD,10024,TROAP,1e-20,3.5933537709803
LUAD,79962,DNAJC22,1e-20,1.91532967601301
LUAD,2819,GPD1,3.7094e-16,-4.88978603538449
LUAD,25840,METTL7A,1e-20,-1.92415889789134
LUAD,94,ACVRL1,1e-20,-2.61071675213651
LUAD,113523638,SMIM41,1e-20,-2.28109607008183
LUAD,144501,KRT80,1e-20,2.46268656669687
LUAD,23371,TNS2,3.7881000000000004e-19,-1.61659046836086
LUAD,9700,ESPL1,1e-20,2.1644644993886
LUAD,53831,GPR84,1e-20,1.78451304739032
LUAD,5153,PDE1B,7.0937e-13,-1.59588792242253
LUAD,196410,METTL7B,1e-20,2.17419522815291
LUAD,51561,IL23A,1e-20,1.68242292001747
LUAD,8630,HSD17B6,1e-20,-3.36641382071665
LUAD,1594,CYP27B1,1e-20,2.01902922817563
LUAD,11197,WIF1,4.8827e-19,-5.49353450024517
LUAD,253827,MSRB3,1e-20,-2.02412713305303
LUAD,5787,PTPRB,1.1005e-14,-2.69133246841013
LUAD,8825,LIN7A,1e-20,-3.27301849440642
LUAD,79611,ACSS3,1e-20,-2.18929791892154
LUAD,59277,NTN4,1e-20,-1.72191914553225
LUAD,55010,PARPBP,1e-20,1.72639529165045
LUAD,8437,RASAL1,1e-20,2.37295209791183
LUAD,6910,TBX5,9.4953e-15,-1.55293202582545
LUAD,255480,TBX5-AS1,5.0284e-16,-1.9145718779479
LUAD,6926,TBX3,3.8249e-14,-2.33421317015577
LUAD,84900,RNFT2,1e-20,1.53007074222508
LUAD,54997,TESC,1e-20,2.08517967861769
LUAD,26353,HSPB8,1e-20,-1.96539346058067
LUAD,92558,BICDL1,1e-20,2.01667379845512
LUAD,5319,PLA2G1B,2.9906e-17,-4.06729033857108
LUAD,9735,KNTC1,1e-20,1.84727831621947
LUAD,338442,HCAR2,3.7563e-12,-2.34561074904819
LUAD,283383,ADGRD1,1.3312e-18,-1.89839245509185
LUAD,4326,MMP17,1e-20,2.18519316305965
LUAD,2706,GJB2,1e-20,4.16784778289217
LUAD,53342,IL17D,2.5771e-17,-1.81924316886514
LUAD,221150,SKA3,1e-20,2.42330923724239
LUAD,6445,SGCG,2.5218000000000003e-19,-2.9649530529008
LUAD,10810,WASF3,5.542e-17,-2.11587513169525
LUAD,241,ALOX5AP,1.0619e-14,-2.04866322015997
LUAD,10129,FRY,1e-20,-1.62309469506125
LUAD,9365,KL,2.5581e-17,-3.01596136097249
LUAD,90627,STARD13,1e-20,-2.07543709721165
LUAD,400120,SERTM1,3.9169e-16,-3.75542173473424
LUAD,4093,SMAD9,4.6696e-14,-1.96813812974796
LUAD,10631,POSTN,1e-20,1.79286034381977
LUAD,10186,LHFPL6,1e-20,-1.7454782632522
LUAD,28984,RGCC,1e-20,-3.05203393759635
LUAD,1361,CPB2,1.164e-13,-5.30027605909847
LUAD,55901,THSD1,1.1508e-15,-2.29932808788432
LUAD,27253,PCDH17,7.2215e-12,-1.78460294090974
LUAD,1602,DACH1,1.3086e-20,-3.04060929663744
LUAD,4008,LMO7,1.3537e-18,-1.51188078338568
LUAD,8796,SCEL,1.2682e-15,-1.90531235087676
LUAD,1910,EDNRB,5.5711e-20,-3.88828444731695
LUAD,9071,CLDN10,1e-20,1.9560566524124
LUAD,283481,FGF14-AS2,1e-20,-1.92571636670935
LUAD,100885782,MYO16-AS1,3.8041e-15,-3.27649666564036
LUAD,2159,F10,4.5877e-16,-1.8574962616791
LUAD,2621,GAS6,1e-20,-1.80579481596803
LUAD,100507747,C13orf46,1e-20,-3.31411643114067
LUAD,84502,JPH4,1e-20,-1.90765982785329
LUAD,196883,ADCY4,6.329e-12,-1.75891554251126
LUAD,29091,STXBP6,7.8095e-20,-4.19142607065323
LUAD,112399,EGLN3,1e-20,2.3997135173602
LUAD,1073,CFL2,4.375600000000001e-19,-1.56962634356225
LUAD,5083,PAX9,2.6647e-15,2.16317666619361
LUAD,6751,SSTR1,2.0827e-11,-3.31736937645361
LUAD,161198,CLEC14A,2.1658e-18,-2.39592632340573
LUAD,5427,POLE2,1e-20,2.12228493048083
LUAD,30001,ERO1A,1e-20,1.79132328696954
LUAD,1033,CDKN3,1e-20,2.91978977928761
LUAD,11169,WDHD1,1e-20,1.57558729375674
LUAD,9787,DLGAP5,1e-20,3.55557077789617
LUAD,6252,RTN1,1.9749e-20,-1.86393597751721
LUAD,6495,SIX1,1e-20,2.76800819883087
LUAD,51804,SIX4,1e-20,2.41083051221679
LUAD,57381,RHOJ,1.2747e-19,-1.92086514945737
LUAD,6710,SPTB,1e-20,1.56559717585423
LUAD,2877,GPX2,1e-20,2.30702255984894
LUAD,26499,PLEK2,1e-20,2.48241747720026
LUAD,57156,TMEM63C,1e-20,1.53306492186964
LUAD,1734,DIO2,3.704e-18,1.72770267283724
LUAD,11099,AL162171.1,1e-20,-2.50343128129235
LUAD,10516,FBLN5,1.0253e-18,-2.16081185683935
LUAD,161176,SYNE3,5.1844e-17,-1.97219734585437
LUAD,56967,C14orf132,1e-20,-2.88022477288813
LUAD,2009,EML1,2.9149e-19,-1.83673443055252
LUAD,26153,KIF26A,5.2503e-11,-2.11493096962238
LUAD,113146,AHNAK2,1e-20,1.81380722706832
LUAD,9824,ARHGAP11A,1e-20,1.72618191845296
LUAD,6447,SCG5,1e-20,2.49351758459148
LUAD,26585,GREM1,1e-20,3.41494732802091
LUAD,701,BUB1B,1e-20,2.73941609340103
LUAD,5888,RAD51,1e-20,2.28694390425817
LUAD,54866,PPP1R14D,1e-20,3.67333027851733
LUAD,171177,RHOV,1e-20,2.88650088117829
LUAD,3706,ITPKA,1e-20,2.65237176311637
LUAD,255189,PLA2G4F,1.1641000000000002e-19,-3.57376394076784
LUAD,57519,STARD9,3.0435e-12,-2.07842064119522
LUAD,84978,FRMD5,1e-20,1.72900887033786
LUAD,90527,DUOXA1,1e-20,-2.56731260570774
LUAD,53905,DUOX1,1e-20,-3.32752997628512
LUAD,84419,C15orf48,1e-20,2.68757756720404
LUAD,9728,SECISBP2L,2.7515e-14,-1.68978243092728
LUAD,342035,GLDN,6.1312e-16,-2.8808422077054
LUAD,84952,CGNL1,1e-20,-2.45912090674969
LUAD,100820829,MYZAP,3.2981e-16,-3.59044082935206
LUAD,145781,GCOM1,1.7799e-14,-2.65306001710456
LUAD,9133,CCNB2,1e-20,3.19505927197795
LUAD,9245,GCNT3,1e-20,3.16719733386726
LUAD,145741,C2CD4A,1e-20,2.43349363984688
LUAD,23604,DAPK2,5.0824e-19,-2.24494912619849
LUAD,79856,SNX22,3.4141e-17,-2.34896357741085
LUAD,9768,PCLAF,1e-20,2.62410089462811
LUAD,80119,PIF1,1e-20,1.60264690850537
LUAD,51285,RASL12,1.8978e-15,-1.56225778852682
LUAD,8483,CILP,1e-20,1.78175463194066
LUAD,22801,ITGA11,1e-20,2.65879838154932
LUAD,10391,CORO2B,7.7919e-15,-2.46168594751032
LUAD,54852,PAQR5,1e-20,-1.90484795993791
LUAD,9493,AC027237.1,1e-20,2.41650616309082
LUAD,196996,GRAMD2A,2.0587e-15,-1.57464620793846
LUAD,64220,STRA6,1e-20,2.6406209280357
LUAD,161753,ODF3L1,1.526e-12,-2.36569253719753
LUAD,79834,PEAK1,5.7487e-18,-1.75943124953153
LUAD,5923,RASGRF1,3.0396e-20,-3.21943855423664
LUAD,100996492,CTXND1,8.6253e-12,-1.83228243570098
LUAD,57214,CEMIP,5.302e-17,1.51835618111752
LUAD,6457,SH3GL3,1e-20,-2.79784306706554
LUAD,57188,ADAMTSL3,4.5063e-19,-2.72072161319671
LUAD,55215,FANCI,1e-20,1.8754693363736
LUAD,55897,MESP1,1e-20,1.93593546373609
LUAD,10509,SEMA4B,1e-20,1.60620055180076
LUAD,641,BLM,1e-20,1.5449798832558
LUAD,400456,LINC01197,1.2172e-18,-2.11669744320102
LUAD,23336,SYNM,3.7116e-17,-2.00988614456676
LUAD,9028,RHBDL1,1e-20,2.70686204146254
LUAD,63922,CHTF18,1e-20,1.67762903529396
LUAD,7177,TPSAB1,1.0605e-14,-2.00996849347114
LUAD,79652,TMEM204,1.6073e-13,-1.72341894095374
LUAD,25837,RAB26,1e-20,1.83794324189103
LUAD,21,ABCA3,1.9097e-20,-2.68672016213818
LUAD,899,CCNF,1e-20,1.85449124181526
LUAD,80178,TEDC2,1e-20,3.07262034427981
LUAD,9088,PKMYT1,1e-20,3.10322732101276
LUAD,4210,MEFV,1.4157e-11,-1.64431777833758
LUAD,440335,SMIM22,1e-20,1.95609717812319
LUAD,106144584,LINC01290,3.445e-13,-2.38266725274504
LUAD,2013,EMP2,1e-20,-2.83428972728514
LUAD,116028,RMI2,1e-20,2.35510006010077
LUAD,608,TNFRSF17,1e-20,1.82082473713106
LUAD,4629,MYH11,1.4869e-11,-2.18313994617155
LUAD,5347,PLK1,1e-20,3.1911319400668
LUAD,388228,SBK1,1e-20,2.23112738134542
LUAD,55911,APOBR,3.5427e-15,-1.80452887797884
LUAD,6693,SPN,1.123e-19,-2.40053482284136
LUAD,253982,ASPHD1,1e-20,2.29070779065554
LUAD,79801,SHCBP1,1e-20,2.31527638701493
LUAD,23594,ORC6,1e-20,3.11419615025787
LUAD,84706,GPT2,1e-20,2.7424423438177
LUAD,23090,ZNF423,4.5016e-15,-1.94335876267781
LUAD,27324,TOX3,1e-20,2.61073243146638
LUAD,1066,CES1,4.6676e-11,-3.04312892872578
LUAD,51090,PLLP,1e-20,-1.88249771769262
LUAD,65009,NDRG4,2.1681e-12,-2.55152977281491
LUAD,1003,CDH5,2.0727e-20,-2.7581464047981
LUAD,146227,BEAN1,1e-20,2.46649661255207
LUAD,146225,CMTM2,8.6301e-11,-1.72246602447109
LUAD,3299,HSF4,1e-20,1.66239606905535
LUAD,55282,LRRC36,1.4967e-15,-3.99103032624041
LUAD,181,AGRP,5.303e-14,-3.51579258329651
LUAD,64174,DPEP2,1e-20,-2.33159704174085
LUAD,1001,CDH3,1e-20,2.72425274766358
LUAD,1728,NQO1,1e-20,2.28395397818618
LUAD,79152,FA2H,1e-20,1.77863596669743
LUAD,1012,CDH13,7.4675e-14,-2.34274656639492
LUAD,58189,WFDC1,1.7214e-14,-2.11776681809609
LUAD,51659,GINS2,1e-20,2.74945883979579
LUAD,400550,FENDRR,1.157e-16,-4.72707721067839
LUAD,2294,FOXF1,2.1098e-16,-2.77627898980171
LUAD,8140,SLC7A5,1e-20,2.3544192902389
LUAD,81620,CDT1,1e-20,2.67513153807873
LUAD,27132,CPNE7,1e-20,2.27679440478926
LUAD,100128881,VPS9D1-AS1,1e-20,1.87381319835909
LUAD,2175,FANCA,1e-20,1.87597091971526
LUAD,79007,DBNDD1,1e-20,1.96560076701033
LUAD,146760,RTN4RL1,1.3239e-11,-1.96033658903922
LUAD,443,ASPA,5.9888e-20,-2.48697174437041
LUAD,342527,SMTNL2,1.2306e-11,-2.19187844254636
LUAD,400568,LINC01996,1e-20,-2.89859534152415
LUAD,388325,SCIMP,1.1951e-18,-1.6924345902267
LUAD,54478,PIMREG,1e-20,2.62293035092018
LUAD,84817,TXNDC17,1e-20,1.63190527633557
LUAD,255877,BCL6B,1.1287e-13,-1.75661724221894
LUAD,162515,SLC16A11,3.3635e-18,-2.3054749176599
LUAD,51087,YBX2,1e-20,1.68661257681559
LUAD,482,ATP1B2,2.975e-14,-1.94096210015662
LUAD,92162,TMEM88,5.5559e-17,-2.1716015473097
LUAD,9212,AURKB,1e-20,3.3579957449949
LUAD,22899,ARHGEF15,3.1311e-16,-2.62297398481706
LUAD,4628,MYH10,5.4247e-13,-1.71929726355465
LUAD,9912,ARHGAP44,1e-20,-1.86041216561171
LUAD,51393,TRPV2,1.0746e-18,-1.82784943242741
LUAD,4239,MFAP4,5.9929e-19,-2.96452593714
LUAD,10615,SPAG5,1e-20,3.20346204975689
LUAD,116238,TLCD1,1e-20,1.6366323401125
LUAD,105371730,AC116407.1,1e-20,-2.36609296290801
LUAD,8851,CDK5R1,1e-20,1.51559509250478
LUAD,146857,SLFN13,1e-20,1.75648876445811
LUAD,79148,MMP28,6.7119e-20,-2.52267382237641
LUAD,6368,CCL23,2.5205e-17,-2.76392749900951
LUAD,80179,MYO19,1e-20,1.55817293021409
LUAD,80725,SRCIN1,1e-20,1.85032303058444
LUAD,55876,GSDMB,1e-20,1.71145147156271
LUAD,990,CDC6,1e-20,3.31672502157875
LUAD,7153,TOP2A,1e-20,3.78450593194812
LUAD,10609,P3H4,1e-20,1.95812088948068
LUAD,60681,FKBP10,1e-20,1.58725440268457
LUAD,2648,KAT2A,1e-20,1.65681265920002
LUAD,284119,CAVIN1,1e-20,-2.21549611350561
LUAD,10266,RAMP2,6.9531e-20,-2.94024061696948
LUAD,8639,AOC3,1e-20,-2.83182020931899
LUAD,2118,ETV4,1e-20,3.73741093914301
LUAD,146894,CD300LG,2.0461e-12,-4.70813204387698
LUAD,51751,HIGD1B,6.6913e-17,-2.88582461087478
LUAD,146909,KIF18B,1e-20,2.63226821549951
LUAD,80279,CDK5RAP3,1e-20,1.89599415718903
LUAD,11248,NXPH3,5.7303e-16,-2.40408565397279
LUAD,6442,SGCA,3.6403e-17,-2.25261952256971
LUAD,55040,EPN3,1e-20,3.21707862143998
LUAD,8714,ABCC3,1e-20,2.47468332207062
LUAD,4830,NME1,1e-20,2.35942851535262
LUAD,3131,HLF,2.9305e-15,-2.08602891743318
LUAD,55273,TMEM100,1.7723e-12,-5.0090204334637
LUAD,5414,SEPT4,1.6554e-17,-1.51999638833531
LUAD,55771,PRR11,1e-20,2.02444317917679
LUAD,103689912,TBX2-AS1,5.6001e-18,-2.2333111456896
LUAD,6909,TBX2,1.4259e-13,-1.95332980799692
LUAD,9496,TBX4,3.2039e-18,-2.39768723215735
LUAD,1636,ACE,1.8623e-18,-1.94130494372826
LUAD,5175,PECAM1,1e-20,-2.35599329503269
LUAD,3838,KPNA2,1e-20,1.97381484899082
LUAD,100499467,LINC00511,1e-20,3.30233114998172
LUAD,10871,CD300C,1.1535e-18,-1.99855252818109
LUAD,146722,CD300LF,2.2228e-16,-1.90701249118046
LUAD,102723641,HID1-AS1,3.3691e-14,-1.51399597936701
LUAD,51155,JPT1,1e-20,1.68355808177568
LUAD,57513,CASKIN2,6.5866e-15,-1.61767930730235
LUAD,10610,ST6GALNAC2,1.3523e-20,-1.93271003452476
LUAD,55808,ST6GALNAC1,1e-20,1.96099812702004
LUAD,7083,TK1,1e-20,2.73043711244482
LUAD,84733,CBX2,1e-20,1.85650638206827
LUAD,79092,CARD14,1e-20,1.6406209280357
LUAD,9625,AATK,4.3873e-19,-2.74249803775104
LUAD,1468,SLC25A10,1e-20,2.14441431690838
LUAD,5831,PYCR1,1e-20,3.78460672941521
LUAD,5881,RAC3,1e-20,2.0218451522458
LUAD,81035,COLEC12,1e-20,-1.91458833881281
LUAD,10403,NDC80,1e-20,3.0288262941707
LUAD,5797,PTPRM,1.2891e-20,-1.65004332314517
LUAD,84617,TUBB6,4.9675e-17,-1.52208150452958
LUAD,100128893,GATA6-AS1,9.3277e-18,-2.04544297076117
LUAD,2627,GATA6,1e-20,-2.22928670493768
LUAD,147463,ANKRD29,1e-20,-2.85550214786927
LUAD,26256,CABYR,1e-20,2.35980226054848
LUAD,361,AQP4,1e-20,-3.85689293167334
LUAD,6563,SLC14A1,3.9318e-11,-2.88068552526112
LUAD,220134,SKA1,1e-20,1.99638874644762
LUAD,147372,CCBE1,4.2966e-15,-3.38930722418543
LUAD,8612,PLPP2,1e-20,2.91387914794859
LUAD,1675,CFD,4.1319e-20,-2.71707271164735
LUAD,92840,REEP6,1e-20,1.64034644757566
LUAD,8698,S1PR4,5.4972e-18,-1.70065038437604
LUAD,29128,UHRF1,1e-20,3.07519031415522
LUAD,257000,TINCR,1.5126e-17,-2.97636363573276
LUAD,2525,FUT3,1e-20,2.23926031098589
LUAD,2015,ADGRE1,6.209e-12,-2.96283618673659
LUAD,56729,RETN,1.6478e-13,-4.26170806542669
LUAD,199675,MCEMP1,1.6415e-17,-5.18785078224366
LUAD,256949,KANK3,2.1413e-18,-2.92745944799128
LUAD,84106,PRAM1,2.7026e-13,-2.21671645574273
LUAD,147841,SPC24,1e-20,2.64185997176772
LUAD,25959,KANK2,1.8789e-20,-1.64721977852985
LUAD,1264,CNN1,5.0974e-11,-1.74678553025848
LUAD,54,ACP5,4.4591e-13,-1.67442714959707
LUAD,4784,NFIX,1e-20,-1.81553047131978
LUAD,79883,PODNL1,1e-20,2.15745966689471
LUAD,55723,ASF1B,1e-20,2.47459023264095
LUAD,84658,ADGRE3,2.2531e-11,-2.63552224145975
LUAD,79852,EPHX3,1e-20,2.14567897388674
LUAD,84941,HSH2D,1e-20,1.57264796529447
LUAD,10365,KLF2,7.2682e-11,-1.88552815571009
LUAD,27151,CPAMD8,6.5767e-20,-2.40081902735781
LUAD,83878,USHBP1,2.5094e-15,-2.47981292551711
LUAD,10331,B3GNT3,1e-20,4.61550980868503
LUAD,100422943,MIR3189,1.1691e-17,1.80534606347233
LUAD,25789,AC003112.1,4.9351e-16,1.72282405773782
LUAD,1311,COMP,1e-20,3.00733753874807
LUAD,148113,CILP2,1e-20,2.17919253938802
LUAD,898,CCNE1,1e-20,2.66767475185071
LUAD,163175,LGI4,5.5078e-15,-1.69558238813004
LUAD,126393,HSPB6,2.7019e-16,-3.11757619214647
LUAD,284403,WDR62,1e-20,2.09451759878429
LUAD,1346,COX7A1,3.0662e-16,-1.93978411486571
LUAD,100506930,LINC00665,1e-20,2.0765143180239
LUAD,94274,PPP1R14A,5.0142e-16,-2.11776783966231
LUAD,115727,RASGRP4,1e-20,-2.08536590041476
LUAD,147968,CAPN12,1e-20,1.77197741434982
LUAD,57716,PRX,2.449e-15,-3.76941397211774
LUAD,8425,LTBP4,2.6731e-16,-2.19376627953804
LUAD,100505495,PCAT19,2.628e-19,-2.52612493783387
LUAD,90273,CEACAM21,1.0808e-13,-1.78287684110699
LUAD,1048,CEACAM5,1e-20,3.84961887628017
LUAD,5050,PAFAH1B3,1e-20,2.15593033136656
LUAD,84518,CNFN,1e-20,2.17097858790904
LUAD,634,CEACAM1,1e-20,1.93250404363673
LUAD,27076,LYPD3,1e-20,1.90114456587744
LUAD,3783,KCNN4,1e-20,3.14927481763062
LUAD,23624,CBLC,1e-20,2.93450935142095
LUAD,3171,FOXA3,1e-20,2.1947174628936
LUAD,4858,NOVA2,1.2394e-16,-2.52344600708842
LUAD,147920,IGFL2,1e-20,1.74243744537627
LUAD,728,C5AR1,6.2474e-16,-1.9946662748128
LUAD,2524,FUT2,1e-20,3.39617929650738
LUAD,54922,RASIP1,1.6953e-20,-2.51634464986988
LUAD,23645,PPP1R15A,2.0163e-12,-1.69962856857536
LUAD,259307,IL4I1,1e-20,1.73993143366044
LUAD,91663,MYADM,2.6182e-12,-1.75853778833312
LUAD,126014,OSCAR,1.2463e-15,-2.21024733072013
LUAD,353514,LILRA5,2.6208e-16,-2.1445608281609
LUAD,7138,TNNT1,1e-20,2.12216855794963
LUAD,5794,AC010327.1,1e-20,2.7583031771319
LUAD,284417,TMEM150B,3.5443e-16,-2.06033870843299
LUAD,110806301,LINC02560,1e-20,1.97342759800431
LUAD,51378,ANGPT4,5.4755e-12,-1.7878503341913
LUAD,343637,RSPO4,7.6608e-12,-3.06970216663007
LUAD,10326,SIRPB1,2.5556e-17,-3.04638596703215
LUAD,55423,SIRPG,1e-20,1.71565910575853
LUAD,56265,CPXM1,1e-20,2.15635150849591
LUAD,83959,SLC4A11,1e-20,1.54987282356121
LUAD,6614,SIGLEC1,5.2869e-14,-1.5211731301037
LUAD,116835,HSPA12B,1.762e-16,-2.77273298216071
LUAD,55612,FERMT1,1e-20,3.14022773937449
LUAD,650,BMP2,7.6319e-12,-2.02532487773642
LUAD,24141,LAMP5,1e-20,1.52359186794117
LUAD,23767,FLRT3,1.3682e-17,-2.12584515353289
LUAD,7056,THBD,8.9163e-15,-2.60886388376354
LUAD,22918,CD93,2.102e-17,-2.33200093465443
LUAD,1470,CST2,2.2692e-12,1.97085365434048
LUAD,92086,GGTLC1,2.4061e-11,-2.94235365881332
LUAD,9837,GINS1,1e-20,2.89613175979285
LUAD,28954,REM1,4.3927e-13,-1.74253227004075
LUAD,84701,COX4I2,1.8378e-18,-2.46052915110229
LUAD,140706,CCM2L,4.6788e-17,-2.59878947105044
LUAD,6676,SPAG4,1e-20,2.88371274721402
LUAD,10398,MYL9,1e-20,-1.84060254231821
LUAD,128434,VSTM2L,1e-20,1.8030672164587
LUAD,343578,ARHGAP40,1e-20,2.68661257681559
LUAD,81610,FAM83D,1e-20,2.54451687290899
LUAD,84969,TOX2,1.3929e-16,-1.94038727991198
LUAD,8839,CCN5,3.1781e-13,-2.3328053094904
LUAD,80336,PABPC1L,1e-20,2.17219808645382
LUAD,10406,WFDC2,1e-20,1.64635346314951
LUAD,140686,WFDC3,1e-20,2.96458322688822
LUAD,4318,MMP9,1e-20,2.24776402598906
LUAD,284751,LINC01270,1e-20,1.60264690850537
LUAD,1591,CYP24A1,1.8152e-16,3.92770686242283
LUAD,6790,AURKA,1e-20,2.52063581147523
LUAD,57091,CASS4,2.3743e-14,-2.00113886279229
LUAD,140893,RBBP8NL,1e-20,1.89298623450935
LUAD,63910,SLC17A9,1e-20,2.16775478508719
LUAD,1917,EEF1A2,1e-20,3.82242424377525
LUAD,693232,MIR647,1e-20,1.62047563699489
LUAD,140700,SAMD10,1e-20,1.67647185072932
LUAD,58494,JAM2,1e-20,-2.59781967769828
LUAD,116159,CYYR1,3.1604e-18,-2.15723618026516
LUAD,9510,ADAMTS1,2.4454e-11,-2.51810565669032
LUAD,1827,RCAN1,2.4657e-11,-1.58498871176266
LUAD,100506385,LINC01426,1e-20,2.54445412384021
LUAD,8208,CHAF1B,1e-20,1.76918766760209
LUAD,3772,KCNJ15,2.2506e-16,-2.20385246878398
LUAD,2078,ERG,1.158e-18,-2.18874100769856
LUAD,5121,PCP4,1.2482e-16,3.0052633952612
LUAD,104,ADARB1,1.322e-15,-1.80810133668539
LUAD,503637,DUXAP8,1e-20,2.1548777697788
LUAD,26220,DGCR9,1e-20,1.92295896423617
LUAD,7122,CLDN5,5.4213e-14,-3.01166661271797
LUAD,23532,PRAME,1.0969e-16,1.5935928058646
LUAD,100423062,IGLL5,1e-20,1.74846123300404
LUAD,91319,DERL3,1e-20,2.08813241628548
LUAD,56241,SUSD2,1e-20,-3.52375955426953
LUAD,284904,SEC14L4,8.7501e-11,-2.05966051620734
LUAD,730005,SEC14L6,1e-20,-2.89033275407152
LUAD,7078,TIMP3,3.868e-17,-2.22213257760605
LUAD,4151,MB,1e-20,3.59761163715164
LUAD,114904,C1QTNF6,1e-20,2.08578903155508
LUAD,4242,MFNG,1e-20,-1.60028091040757
LUAD,80115,BAIAP2L2,1e-20,1.65397717863634
LUAD,11015,KDELR3,1e-20,2.21152910805846
LUAD,9582,APOBEC3B,1e-20,1.75807718960227
LUAD,23492,CBX7,1e-20,-1.73730381830112
LUAD,5155,PDGFB,5.6283e-11,-1.53467087963262
LUAD,4248,MGAT3,1e-20,-4.04514509279735
LUAD,79019,CENPM,1e-20,1.78613451559451
LUAD,638,BIK,1e-20,1.89518727954872
LUAD,80274,SCUBE1,5.8551e-18,-3.35388783628491
LUAD,51512,GTSE1,1e-20,2.9322501913294
LUAD,56666,PANX2,1e-20,1.88432567962998
LUAD,79924,ADM2,1e-20,3.10601323762212
LUAD,8908,GYG2,1e-20,2.36506670342759
LUAD,3730,ANOS1,2.9865000000000004e-19,-3.03455054754318
LUAD,395,ARHGAP6,1e-20,-2.62679694420896
LUAD,51311,TLR8,6.734e-14,-2.01660102971636
LUAD,109729169,LINC02154,8.2186e-11,-3.15639661659767
LUAD,2824,GPM6B,1e-20,-2.44390205434573
LUAD,2277,VEGFD,1e-20,-4.80620897186636
LUAD,4810,NHS,1e-20,1.58804930594452
LUAD,10742,RAI2,1e-20,-2.38301119773367
LUAD,6247,RS1,1e-20,-1.906505825626
LUAD,256714,MAP7D2,1e-20,1.68974643849356
LUAD,10549,PRDX4,1e-20,1.53131138495314
LUAD,83604,TMEM47,3.5702e-19,-1.99092463268209
LUAD,8406,SRPX,5.8676e-12,-2.17736294169641
LUAD,7102,TSPAN7,1e-20,-2.85866767272587
LUAD,4129,MAOB,5.6641e-17,-1.85304180728117
LUAD,7076,TIMP1,1e-20,1.87589176219262
LUAD,50943,FOXP3,1e-20,2.19462463694204
LUAD,57477,SHROOM4,2.8787e-14,-1.99356172022807
LUAD,11326,VSIG4,1.1137e-14,-2.5256298777426
LUAD,9754,STARD8,8.9006e-16,-2.18625734086207
LUAD,24137,KIF4A,1e-20,3.14094221737709
LUAD,340527,NHSL2,4.0727e-13,-1.52683873560479
LUAD,5255,PHKA1,1e-20,1.57676368402466
LUAD,9452,ITM2A,2.0242e-16,-1.97896008620099
LUAD,27286,SRPX2,1e-20,1.52432114938132
LUAD,402415,XKRX,1e-20,2.19101238464895
LUAD,2491,CENPI,1e-20,1.93508252331866
LUAD,140597,TCEAL2,1.317e-14,-3.75766335376083
LUAD,142684,RAB40A,8.443e-12,-1.75872956845786
LUAD,55086,RADX,4.8253e-11,-1.96476362356203
LUAD,54830,NUP62CL,1e-20,1.59688426055323
LUAD,1287,COL4A5,9.6892e-11,-1.70466121359178
LUAD,91851,CHRDL1,1.4189e-16,-2.80992456474552
LUAD,57631,LRCH2,6.1839e-17,-1.83309838145446
LUAD,101928287,LINC01285,1e-20,1.69643902065575
LUAD,101928969,RHOXF1-AS1,5.0586e-12,-2.87370749982223
LUAD,90161,HS6ST2,1e-20,3.82178737802742
LUAD,2719,GPC3,1.9764e-18,-3.08556869398359
LUAD,2273,FHL1,1e-20,-4.09245844353653
LUAD,9459,ARHGEF6,1e-20,-1.5299062670078
LUAD,3149,HMGB3,1e-20,3.15600764389341
LUAD,5365,PLXNB3,1e-20,2.43456151187261
LUAD,26576,SRPK3,1e-20,2.20351441113076
LUAD,554,AVPR2,2.8043e-13,-1.79160572470455
LUAD,2157,F8,1.6228e-11,-1.79580579524709
