"ncbi_gene_id","LUAD_fdr_adjusted_p_value","LUAD_cancer_sample_med","LUAD_normal_sample_med","LUAD_log2_fold_change","LUAD_p_value","gene_symbol"
84069,1e-20,5.362,1,2.42277121932047,5.48805712878601e-20,"PLEKHN1"
8784,1e-20,13.116,3.088,2.08658314912498,5.48805712878601e-20,"TNFRSF18"
339456,1e-20,4.957,1.664,1.57481182532923,5.48805712878601e-20,"TMEM52"
27237,1e-20,33.403,10.189,1.71296521520439,5.48805712878601e-20,"ARHGEF16"
388591,1e-20,7.168,2.446,1.55114623353022,5.48805712878601e-20,"RNF207"
83715,1e-20,7.755,1.554,2.31914027751574,5.48805712878601e-20,"ESPN"
8718,1e-20,16.63,3.999,2.0560769823645,5.48805712878601e-20,"TNFRSF25"
6518,1e-20,4.5,1,2.16992500144231,5.48805712878601e-20,"SLC2A5"
23254,7.8876e-17,4.618,13.491,-1.54665721161606,3.45704899115044e-16,"KAZN"
27129,6.9172e-13,3.962,13.324,-1.74972647378486,2.39458894687791e-12,"HSPB7"
22977,1e-20,3.697,1,1.88635504352516,5.48805712878601e-20,"AKR7A3"
55450,2.2147e-13,25.561,86.813,-1.76396681968004,7.92025335365854e-13,"CAMK2N1"
57576,1.0814e-19,1.038,4.533,-2.1266597175281,5.62979719691661e-19,"KIF17"
249,3.2209e-13,56.696,255.805,-2.17372560435045,1.14215112649165e-12,"ALPL"
712,4.8852e-19,351.35,1061.124,-1.59461245176031,2.44446458015267e-18,"C1QA"
713,3.9459e-15,410.642,1365.953,-1.73395474660049,1.56592366987179e-14,"C1QB"
2048,1e-20,6.154,1.613,1.9317780051779,5.48805712878601e-20,"EPHB2"
79000,1e-20,3.128,1,1.64524051264527,5.48805712878601e-20,"AUNIP"
79927,1.2178e-12,1.148,6.063,-2.4009091804252,4.14304817585101e-12,"FAM110D"
1043,1.4536e-14,130.358,683.779,-2.39105099286193,5.57309189747119e-14,"CD52"
115572,5.5312e-19,4.003,35.384,-3.14394362651112,2.75657098389982e-18,"TENT5B"
8547,4.4045e-13,11.613,402.759,-5.11610420899031,1.54806957104558e-12,"FCN3"
2268,3.2934e-16,16.923,72.701,-2.10298986573032,1.39295864516129e-15,"FGR"
27293,1e-20,42.931,14.111,1.60519954755455,5.48805712878601e-20,"SMPDL3B"
1104,1e-20,62.325,19.126,1.70427579684876,5.48805712878601e-20,"RCC1"
8420,1e-20,23.83,8.341,1.51448668809869,5.48805712878601e-20,"SNHG3"
692212,1e-20,10.508,3.239,1.69786773233845,5.48805712878601e-20,"SNORD99"
347735,1e-20,216.928,56.177,1.94916479310101,5.48805712878601e-20,"SERINC2"
65108,1e-20,342.312,89.829,1.93005868936498,5.48805712878601e-20,"MARCKSL1"
81493,1e-20,1.164,4.705,-2.01510366470762,5.48805712878601e-20,"SYNC"
2707,1e-20,4.694,1.47,1.67500168679944,5.48805712878601e-20,"GJB3"
63967,1e-20,3.213,1,1.68392098080932,5.48805712878601e-20,"CLSPN"
1441,8.3272e-11,27.051,89.064,-1.71916047942068,2.50862809407948e-10,"CSF3R"
284654,1.3168e-12,1,5.99,-2.58255600301406,4.47166259332622e-12,"RSPO1"
55143,1e-20,17.907,2.225,3.00864641842984,5.48805712878601e-20,"CDCA8"
284656,1e-20,5.719,1,2.5157629055412,5.48805712878601e-20,"EPHA10"
149175,1e-20,7.876,2.493,1.65958022841005,5.48805712878601e-20,"MANEAL"
54933,1e-20,10.488,1.767,2.56936564567014,5.48805712878601e-20,"RHBDL2"
353500,1e-20,5.184,1.196,2.11584832868652,5.48805712878601e-20,"BMP8A"
84879,1.8308e-18,41.341,154.229,-1.89942887197518,8.83373881792596e-18,"MFSD2A"
1907,9.0816e-14,4.844,1.343,1.85073956026689,3.31371347740668e-13,"EDN2"
6513,1e-20,79.805,9.346,3.0940581957266,5.48805712878601e-20,"SLC2A1"
7075,2.475e-18,14.662,64.798,-2.14386737414491,1.18369796137339e-17,"TIE1"
991,1e-20,40.875,3.131,3.7065233170215,5.48805712878601e-20,"CDC20"
11004,1e-20,15.092,1.331,3.50320152889822,5.48805712878601e-20,"KIF2C"
8438,1e-20,3.279,1,1.71325590173097,5.48805712878601e-20,"RAD54L"
1580,1e-20,39.383,690.655,-4.13232030930433,5.48805712878601e-20,"CYP4B1"
6886,1.945e-16,1.094,8.32,-2.9269707902359,8.33619519230769e-16,"TAL1"
6491,1e-20,5.625,1.044,2.42973138442188,5.48805712878601e-20,"STIL"
84793,1e-20,4.007,1.387,1.5305547221072,5.48805712878601e-20,"FOXD2-AS1"
200010,4.9546e-11,1,8.064,-3.01149563883783,1.51638519912112e-10,"SLC5A9"
4998,1e-20,4.778,1,2.25640685379425,5.48805712878601e-20,"ORC1"
255738,1.2523e-12,3.147,26.833,-3.09195927696828,4.25846965212084e-12,"PCSK9"
4919,5.7566e-20,4.52,17.714,-1.9704953462263,3.03303414184397e-19,"ROR1"
57685,7.257e-11,6.184,18.985,-1.6182477745816,2.1975103125e-10,"CACHD1"
205,1e-20,8.133,1.401,2.53733065812805,5.48805712878601e-20,"AK4"
3953,1.2569e-15,7.831,37.821,-2.2719190560312,5.12768264689731e-15,"LEPR"
55635,1e-20,3.835,1,1.93922657772821,5.48805712878601e-20,"DEPDC1"
257194,7.9763e-12,1,3.11,-1.63691458035588,2.56889881647399e-11,"NEGR1"
204962,1e-20,5.239,1,2.38929146200697,5.48805712878601e-20,"SLC44A5"
256435,2.4486e-17,1,4.734,-2.24305970607253,1.10491897550111e-16,"ST6GALNAC3"
81849,1e-20,2.928,17.874,-2.60987507068664,5.48805712878601e-20,"ST6GALNAC5"
91624,1.0525e-13,8.212,25.095,-1.61159441353827,3.82472974074678e-13,"NEXN"
54810,7.7173e-18,1.006,6.807,-2.75838880458797,3.5847324947895e-17,"GIPC2"
149047,3.1951e-15,1,6.399,-2.67784646639964,1.27432343772369e-14,"AC096531.2"
23266,1.5505e-14,10.489,41.776,-1.99379722191308,5.93337800480769e-14,"ADGRL2"
79739,2.3364e-11,1.162,5.16,-2.15076099690609,7.30928506457047e-11,"TTLL7"
7049,1.9393e-19,4.482,38.778,-3.1130238434887,9.91766385956861e-19,"TGFBR3"
253152,1e-20,5.227,1,2.38598315929781,5.48805712878601e-20,"EPHX4"
54873,2.4898e-17,10.142,51.181,-2.3352661562335,1.12282825981384e-16,"PALMD"
1901,1.933e-20,19.188,140.35,-2.87075281408576,1.04387620547613e-19,"S1PR1"
1301,1e-20,7.493,1,2.90554345147192,5.48805712878601e-20,"COL11A1"
22854,1.7139e-11,1,3.634,-1.86155841957203,5.40431370967742e-11,"NTNG1"
2949,7.3048e-19,3.832,23.77,-2.63297243709362,3.61541367088608e-18,"GSTM5"
128346,3.1396e-18,55.342,185.243,-1.74297233926834,1.49067458883681e-17,"C1orf162"
55924,1e-20,2.576,8.29,-1.6862395082685,5.48805712878601e-20,"INKA2"
440603,1e-20,6.25,1,2.64385618977472,5.48805712878601e-20,"BCL2L15"
6913,1e-20,3.516,1,1.81393507048132,5.48805712878601e-20,"TBX15"
2702,1.8077e-11,13.492,42.245,-1.64667637468186,5.69042512711864e-11,"GJA5"
54507,2.0131e-18,9.765,43.433,-2.15309965670191,9.67981870550162e-18,"ADAMTSL4"
8991,1e-20,201.796,621.884,-1.62374792196835,5.48805712878601e-20,"SELENBP1"
284486,1e-20,11.472,3.992,1.52293330336464,5.48805712878601e-20,"THEM5"
6275,4.0499e-15,512.124,1573.8,-1.61968713769722,1.60662373264507e-14,"S100A4"
6274,1.2564e-11,4.074,26.696,-2.71210570621643,4.00706737263881e-11,"S100A3"
4881,1e-20,5.514,47.798,-3.11577908067316,5.48805712878601e-20,"NPR1"
1163,1e-20,71.552,24.156,1.56661051520069,5.48805712878601e-20,"CKS1B"
1945,1e-20,35.177,7.696,2.19245174647804,5.48805712878601e-20,"EFNA4"
1944,1e-20,4.382,1,2.13158948432814,5.48805712878601e-20,"EFNA3"
55974,1e-20,203.413,60.611,1.7467603335129,5.48805712878601e-20,"SLC50A1"
80128,1e-20,4.076,1.204,1.75931865940611,5.48805712878601e-20,"TRIM46"
57657,1e-20,3.352,1.147,1.54715675768353,5.48805712878601e-20,"HCN3"
92312,1e-20,7.871,1,2.97654693984849,5.48805712878601e-20,"MEX3A"
128239,1e-20,11.486,1,3.52180456172394,5.48805712878601e-20,"IQGAP3"
10763,4.2296e-13,17.433,66.001,-1.92066702282515,1.48823958320177e-12,"NES"
1382,1e-20,242.005,7.909,4.93539775030094,5.48805712878601e-20,"CRABP2"
375033,4.4023e-18,2.898,14.122,-2.28481492187026,2.06948028053153e-17,"PEAR1"
83416,1e-20,4.175,1,2.06177619758669,5.48805712878601e-20,"FCRL5"
922,1.4315e-12,1,3.287,-1.71677145641822,4.85155725364963e-12,"CD5L"
4332,1.2104e-17,23.34,67.751,-1.53743767965584,5.56669104416013e-17,"MNDA"
9447,1e-20,9.268,2.165,2.09789101925073,5.48805712878601e-20,"AIM2"
2532,6.3598e-11,16.177,95.374,-2.55965193833857,1.93239076482618e-10,"ACKR1"
57549,1e-20,14.364,1.377,3.38285709352969,5.48805712878601e-20,"IGSF9"
142683,1e-20,1,51.639,-5.69038915771276,5.48805712878601e-20,"ITLN2"
81607,1e-20,46.001,9.438,2.28511214717703,5.48805712878601e-20,"NECTIN4"
83540,1e-20,13.608,1.13,3.59006036836083,5.48805712878601e-20,"NUF2"
6258,6.8389e-17,1,7.968,-2.99421764740599,3.00925102270484e-16,"RXRG"
10223,1.0135e-11,1,14.163,-3.82405498366306,3.24678374299267e-11,"GPA33"
6403,1.3885e-15,5.022,23.966,-2.25465520506402,5.64801962036868e-15,"SELP"
55732,1e-20,5.335,1.575,1.76013644243715,5.48805712878601e-20,"C1orf112"
2327,1e-20,11.088,139.96,-3.65794350199,5.48805712878601e-20,"FMO2"
55103,1e-20,11.396,3.438,1.72888607684579,5.48805712878601e-20,"RALGPS2"
9068,7.7478e-16,1.258,9.111,-2.85647748700933,3.19709717830031e-15,"ANGPTL1"
9213,1e-20,49.083,15.541,1.65914409232184,5.48805712878601e-20,"XPR1"
4688,4.7216e-17,45.112,138.553,-1.61885479573924,2.09705658031088e-16,"NCF2"
343450,2.0416e-13,1,3.936,-1.97673022067715,7.31294426229508e-13,"KCNT2"
259266,1e-20,5.29,1,2.4032677223393,5.48805712878601e-20,"ASPM"
9928,1e-20,2.89,1,1.53106949272595,5.48805712878601e-20,"KIF14"
55765,1e-20,25.44,5.547,2.19731904004637,5.48805712878601e-20,"INAVA"
3898,1e-20,83.065,21.276,1.96501377363761,5.48805712878601e-20,"LAD1"
25802,9.0901e-13,7.306,25.588,-1.80831372956353,3.12351308510638e-12,"LMOD1"
29089,1e-20,46.872,4.978,3.23508821962691,5.48805712878601e-20,"UBE2T"
100506696,1e-20,13.488,2.37,2.50871747715646,5.48805712878601e-20,"PCAT6"
5549,1.3626e-12,28.733,92.034,-1.67945830068507,4.62367024969549e-12,"PRELP"
22874,1e-20,17.817,6.036,1.56158972748302,5.48805712878601e-20,"PLEKHA6"
93273,1e-20,4.823,1.196,2.01171342056379,5.48805712878601e-20,"LEMD1"
947,1.0828e-15,21.181,64.438,-1.60514101333177,4.43446593164278e-15,"CD34"
4751,1e-20,16.916,1.174,3.84888415191875,5.48805712878601e-20,"NEK2"
51514,1e-20,8.842,2.128,2.05487458345288,5.48805712878601e-20,"DTL"
1063,1e-20,10.808,1.094,3.30441493653313,5.48805712878601e-20,"CENPF"
79762,8.246e-18,16.124,60.316,-1.90333106770032,3.82394094881398e-17,"C1orf115"
89780,2.761e-20,1,12.651,-3.6611795223382,1.47919247596154e-19,"WNT3A"
57165,8.7718e-12,1.503,4.873,-1.69696521327595,2.81858573529412e-11,"GJC2"
9156,1e-20,5.862,1,2.55139296802745,5.48805712878601e-20,"EXO1"
55083,1e-20,7.807,1,2.96476826967405,5.48805712878601e-20,"KIF26B"
55657,1e-20,32.612,11.227,1.53843044771903,5.48805712878601e-20,"ZNF692"
285016,1.342e-12,1,11.237,-3.49018501809594,4.55515595491928e-12,"ALKAL2"
192668,1.8043e-11,2.99,15.071,-2.33355775713937,5.68052466450064e-11,"CYS1"
6241,1e-20,39.544,4.157,3.2498441585154,5.48805712878601e-20,"RRM2"
4148,4.3784e-12,4.851,23.178,-2.25640199875827,1.43291337444934e-11,"MATN3"
22979,3.2526e-12,2.106,7.585,-1.84864374410868,1.07377716190194e-11,"EFR3B"
150946,1e-20,3.667,1.136,1.69063743120698,5.48805712878601e-20,"GAREM2"
3777,3.845e-16,2.45,23.683,-3.2729981889146,1.61899707160401e-15,"KCNK3"
1058,1e-20,9.827,1,3.2967510558642,5.48805712878601e-20,"CENPA"
10669,1e-20,4.232,1,2.08133962745194,5.48805712878601e-20,"CGREF1"
79623,1e-20,14.072,1.436,3.29269973364891,5.48805712878601e-20,"GALNT14"
7498,1e-20,5.672,1,2.50385753257743,5.48805712878601e-20,"XDH"
58484,7.0018e-20,3.363,13.989,-2.05647215153447,3.67347261299435e-19,"NLRC4"
25797,1e-20,30.765,8.927,1.78504266149608,5.48805712878601e-20,"QPCT"
91461,5.6832e-14,8.98,31.611,-1.81563932490461,2.09565649238915e-13,"PKDCC"
5581,2.4158e-17,7.198,24.293,-1.75487265542143,1.09078068476499e-16,"PRKCE"
2034,1.5279e-17,164.66,1061.563,-2.68862795630627,6.98652180960197e-17,"EPAS1"
4072,1e-20,755.888,247.614,1.61007959973503,5.48805712878601e-20,"EPCAM"
693144,1e-20,5.08,1,2.34482849699744,5.48805712878601e-20,"MIR559"
6711,5.1229e-19,95.82,348.132,-1.8612357128859,2.56110525572005e-18,"SPTBN1"
2202,1e-20,85.654,313.845,-1.87345969875794,5.48805712878601e-20,"EFEMP1"
100129434,5.9499e-17,1,4.537,-2.18173865968866,2.62481039786223e-16,"AC007743.1"
114800,1.1918e-17,1,3.665,-1.87381319835909,5.48454400165187e-17,"CCDC85A"
5013,1e-20,3.792,1,1.92295896423617,5.48805712878601e-20,"OTX1"
29094,2.063e-15,12.063,40.331,-1.74130043558315,8.31279714337371e-15,"LGALSL"
200504,1.8915e-14,4.176,155.298,-5.21677372801287,7.19383284982935e-14,"GKN2"
150726,1e-20,4.536,1.416,1.67959937485923,5.48805712878601e-20,"FBXO41"
10797,1e-20,31.899,10.299,1.63100693460243,5.48805712878601e-20,"MTHFD2"
6439,1.1889e-16,3855.169,12723.164,-1.72259147462779,5.15506114785992e-16,"SFTPB"
84913,1.5696e-15,7.306,44.615,-2.61037518109409,6.36840983069361e-15,"ATOH8"
4118,7.5567e-13,9.126,34.2,-1.90594176621497,2.60867677973978e-12,"MAL"
150696,1e-20,47.375,8.764,2.43446455384296,5.48805712878601e-20,"PROM2"
23397,1e-20,5.216,1,2.38294386956899,5.48805712878601e-20,"NCAPH"
3899,5.951e-18,1,9.909,-3.30873947034459,2.7758463164504e-17,"AFF3"
8808,1e-20,3.083,1,1.62433488944509,5.48805712878601e-20,"IL1RL2"
130827,1e-20,6.054,2.02,1.58353338218836,5.48805712878601e-20,"TMEM182"
2274,1e-20,37.869,7.318,2.37149600394235,5.48805712878601e-20,"FHL2"
27233,1.1348e-14,2.859,16.359,-2.51650203620933,4.38171995841996e-14,"SULT1C4"
699,1e-20,13.596,2.284,2.57354771117883,5.48805712878601e-20,"BUB1"
55289,1e-20,3,17.778,-2.5670586262992,5.48805712878601e-20,"ACOXL"
150468,1e-20,4.49,1,2.16671544496642,5.48805712878601e-20,"CKAP2L"
8685,1e-20,43.833,587.735,-3.7450764866194,5.48805712878601e-20,"MARCO"
80775,1e-20,14.867,5.02,1.56635428719555,5.48805712878601e-20,"TMEM177"
2995,1e-20,31.051,108.755,-1.80837009382444,5.48805712878601e-20,"GYPC"
55679,1e-20,15.742,116.402,-2.88642509653406,5.48805712878601e-20,"LIMS2"
344148,1e-20,1.169,27.819,-4.57272372576888,5.48805712878601e-20,"NCKAP5"
9839,1e-20,12.107,37.745,-1.64044412320544,5.48805712878601e-20,"ZEB2"
11227,2.4e-11,7.887,23.069,-1.54840691932999,7.50193548387097e-11,"GALNT5"
9936,1e-20,4.21,12.402,-1.55868065619285,5.48805712878601e-20,"CD302"
2191,1e-20,14.125,3.398,2.05549310989305,5.48805712878601e-20,"FAP"
6332,7.3372e-17,3.894,27.827,-2.83716059242654,3.22278629089476e-16,"SCN7A"
115677,4.0457e-14,10.776,33.671,-1.64368481270199,1.50478164052069e-13,"NOSTRIN"
57405,1e-20,7.153,1.53,2.2250167886076,5.48805712878601e-20,"SPC25"
79901,1e-20,69.126,283.4,-2.03553940713258,5.48805712878601e-20,"CYBRD1"
5163,1e-20,8.88,2.993,1.56896739773937,5.48805712878601e-20,"PDK1"
11069,4.612e-16,2.669,10.803,-2.01706079476947,1.9302843943662e-15,"RAPGEF4"
83879,1e-20,19.375,2.203,3.13665491023544,5.48805712878601e-20,"CDCA7"
151126,2.6315e-19,4.399,37.742,-3.10092336897912,1.33716918604651e-18,"ZNF385B"
10203,6.9404e-17,11.527,84.416,-2.87249938154193,3.05267695146014e-16,"CALCRL"
1281,1e-20,701.27,110.125,2.67082799237162,5.48805712878601e-20,"COL3A1"
1290,1e-20,56.08,15.43,1.86174828743989,5.48805712878601e-20,"COL5A2"
8436,1e-20,21.806,267.511,-3.61680115855989,5.48805712878601e-20,"CAVIN2"
5334,4.3962e-19,1.438,4.922,-1.77518098201886,2.20423193250844e-18,"PLCL1"
33,1e-20,1.871,30.436,-4.02389730384413,5.48805712878601e-20,"ACADL"
7145,1e-20,55.742,279.529,-2.32616129280522,5.48805712878601e-20,"TNS1"
151306,1.5855e-18,1.184,5.253,-2.14947250352576,7.67340684039088e-18,"GPBAR1"
6556,6.7838e-11,17.741,63.375,-1.83682651035861,2.05701429387755e-10,"SLC11A1"
1593,8.2422e-17,72.314,229.151,-1.66395169627212,3.60679189868447e-16,"CYP27A1"
1674,1.0036e-14,5.377,75.223,-3.80630046752533,3.88927720396453e-14,"DES"
130367,6.3289e-19,74.679,21.379,1.80450823631596,3.14357464452864e-18,"SGPP2"
79843,5.8764e-11,1.315,4.711,-1.84097053248826,1.7911286487965e-10,"FAM124B"
1286,4.6682e-13,6.227,17.941,-1.52665112147191,1.63713884185681e-12,"COL4A4"
1285,4.7391e-11,3.992,17.932,-2.16735277871343,1.45122728359439e-10,"COL4A3"
80704,6.2406e-19,1.058,13.638,-3.68822055742498,3.10109815384615e-18,"SLC19A3"
55022,1e-20,12.206,51.947,-2.0894499386855,5.48805712878601e-20,"PID1"
10316,6.0491e-14,1,5.314,-2.40979822782842,2.22800019335647e-13,"NMUR1"
25791,1e-20,6.026,1,2.59120067293238,5.48805712878601e-20,"NGEF"
55355,1e-20,10.743,1,3.42532501937959,5.48805712878601e-20,"HJURP"
10267,1e-20,71.709,20.981,1.77307075745931,5.48805712878601e-20,"RAMP1"
55502,1.5517e-14,18.477,5.69,1.69922997635697,5.93695071244635e-14,"HES6"
27255,1e-20,1,10.74,-3.42492208821069,5.48805712878601e-20,"CNTN6"
29995,6.2325e-16,11.676,40.573,-1.79697386455803,2.58762532600596e-15,"LMCD1"
2177,1e-20,6.525,2.214,1.55932267956306,5.48805712878601e-20,"FANCD2"
5468,1.7703e-15,18.558,55.487,-1.58010856405024,7.16576027969488e-15,"PPARG"
7476,9.2032e-13,1,8.894,-3.15283240468942,3.15945345656192e-12,"WNT7A"
152273,1e-20,7.585,40.955,-2.43281850876869,5.48805712878601e-20,"FGD5"
9467,7.0273e-16,5.994,17.315,-1.53043139857102,2.91110474163569e-15,"SH3BP5"
151648,1e-20,3.252,1,1.70132725741294,5.48805712878601e-20,"SGO1"
27303,1.0686e-20,5.3,19.291,-1.86386366644962,5.85876708487085e-20,"RBMS3"
7048,1e-20,92.366,310.515,-1.74922916492591,5.48805712878601e-20,"TGFBR2"
6769,3.8793e-20,4.212,24.933,-2.5654791404197,2.06442118194842e-19,"STAC"
9942,1e-20,4.344,1.479,1.55440205070529,5.48805712878601e-20,"XYLB"
64651,3.9938e-12,31.139,166.967,-2.42276847161233,1.31108882898807e-11,"CSRNP1"
7433,2.938e-12,9.739,94.93,-3.28501853397891,9.74392946428571e-12,"VIPR1"
56992,1e-20,3.53,1,1.81966818349646,5.48805712878601e-20,"KIF15"
7123,1e-20,8.438,170.043,-4.33285471941788,5.48805712878601e-20,"CLEC3B"
9034,1e-20,9.764,33.866,-1.79429339625638,5.48805712878601e-20,"CCRL2"
5745,6.0972e-18,2.218,10.328,-2.21922963514548,2.84344625235405e-17,"PTH1R"
993,1e-20,2.841,1,1.50639883152745,5.48805712878601e-20,"CDC25A"
1294,1e-20,3.101,1,1.63273352595054,5.48805712878601e-20,"COL7A1"
10293,1e-20,5.77,1.687,1.77411134524528,5.48805712878601e-20,"TRAIP"
101928931,6.1615e-14,2.207,6.425,-1.54160982468899,2.26827470267592e-13,"SEMA3B-AS1"
7869,2.3708e-17,20.132,97.199,-2.27145096826568,1.07176510344828e-16,"SEMA3B"
3373,1e-20,11.596,83.508,-2.84828717473311,5.48805712878601e-20,"HYAL1"
9254,1e-20,9.849,116.459,-3.56370107507308,5.48805712878601e-20,"CACNA2D2"
25886,1e-20,11.546,4.013,1.52464006922779,5.48805712878601e-20,"POC1A"
56920,1.3917e-11,3.654,29.33,-3.00482853201683,4.41897961248041e-11,"SEMA3G"
7134,1e-20,14.872,248.429,-4.06216301382505,5.48805712878601e-20,"TNNC1"
692089,7.1074e-12,2.846,1,1.5089356618644,2.29469250760539e-11,"SNORD19"
11170,7.5631e-13,4.785,133.657,-4.80387266269551,2.61007757355218e-12,"FAM107A"
100874016,1e-20,3.293,1,1.71940251193326,5.48805712878601e-20,"SYNPR-AS1"
100507098,6.7471e-11,1,4.098,-2.03491998434916,2.04616434480882e-10,"ADAMTS9-AS2"
6092,3.6002e-12,1.186,6.298,-2.40878974758941,1.18484432073243e-11,"ROBO2"
5627,1e-20,29.019,88.225,-1.60418972027637,5.48805712878601e-20,"PROS1"
25890,2.2909e-19,9.195,65.64,-2.83565375910177,1.16782452653248e-18,"ABI3BP"
57650,1e-20,4.689,1.525,1.62047103638321,5.48805712878601e-20,"CIP2A"
79413,2.9939e-11,3.395,19.602,-2.52951738102713,9.2983625e-11,"ZBED2"
90102,7.219e-15,9.035,31.599,-1.80628239657111,2.82068866935484e-14,"PHLDB2"
4045,8.7105e-16,2.632,8.885,-1.7552122871808,3.58638303159062e-15,"LSAMP"
57514,1e-20,9.17,45.229,-2.30225445982235,5.48805712878601e-20,"ARHGAP31"
141,1e-20,10.704,31.616,-1.56250483094322,5.48805712878601e-20,"ADPRH"
3081,1e-20,9.061,2.208,2.03693010723135,5.48805712878601e-20,"HGD"
6565,1e-20,9.653,34.809,-1.85041108459954,5.48805712878601e-20,"SLC15A2"
56667,1.3312e-17,3.947,1,1.98075651923102,6.10587660012348e-17,"MUC13"
57493,1.1427e-17,18.768,92.489,-2.3010068732134,5.26511368616911e-17,"HEG1"
200810,1e-20,23.073,2.663,3.1150812648,5.48805712878601e-20,"ALG1L"
101927123,3.6913e-13,1,8.564,-3.09828479572342,1.30397849262958e-12,"LINC02016"
4171,1e-20,15.753,5.048,1.64184278606685,5.48805712878601e-20,"MCM2"
50512,1e-20,47.631,5.675,3.06920854049703,5.48805712878601e-20,"PODXL2"
2624,2.3636e-11,7.998,28.755,-1.84610165146654,7.39022912457912e-11,"GATA2"
79825,3.7527e-18,2.958,19.604,-2.72845409431069,1.7712076429479e-17,"EFCC1"
131873,1.1849e-15,1.202,12.34,-3.35983359332559,4.84274361936194e-15,"COL6A6"
51554,6.418e-19,1,6.025,-2.5909612413426,3.18712045454545e-18,"ACKR4"
80111,1.2848e-11,83.571,300.369,-1.84566162100549,4.09412891049471e-11,"SLCO2A1"
51208,1e-20,9.48,804.572,-6.40719066209716,5.48805712878601e-20,"CLDN18"
83850,6.3084e-12,5.388,16.321,-1.59890769911975,2.04294261551874e-11,"ESYT3"
26577,4.0636e-16,4.86,40.589,-3.062060577539,1.70910460841668e-15,"PCOLCE2"
5352,1e-20,58.469,20.255,1.52939383197453,5.48805712878601e-20,"PLOD2"
185,3.7723e-16,1.24,8.965,-2.8539634624815,1.58988748298033e-15,"AGTR1"
1359,6.9616e-13,24.722,92.971,-1.910985311997,2.40958501630688e-12,"CPA3"
1356,1e-20,130.548,11.081,3.55842036792278,5.48805712878601e-20,"CP"
9934,1.8126e-15,3.247,9.506,-1.54973101701625,7.33113293413174e-15,"P2RY14"
285313,8.2523e-14,1.067,12.648,-3.56727719153395,3.01704412893701e-13,"IGSF10"
401093,3.5557e-18,1,3.775,-1.91647664443772,1.68250288535032e-17,"MBNL1-AS1"
5028,1.086e-14,2.059,7.297,-1.82535962378975,4.1998407079646e-14,"P2RY1"
26084,1e-20,6.194,48.355,-2.96472178673198,5.48805712878601e-20,"ARHGEF26"
4311,1e-20,3.617,42.481,-3.55395222438368,5.48805712878601e-20,"MME"
7881,2.4278e-13,1.571,5.208,-1.72904626787144,8.66704766938972e-13,"KCNAB1"
79674,1e-20,5.51,52.577,-3.25430760141321,5.48805712878601e-20,"VEPH1"
8706,4.9316e-17,8.157,23.295,-1.5139097732499,2.18727500895522e-16,"B3GALNT1"
1894,1e-20,25.772,6.66,1.95221041746281,5.48805712878601e-20,"ECT2"
27094,1e-20,5.59,1.897,1.55912860431908,5.48805712878601e-20,"KCNMB3"
27074,1e-20,52.465,535.035,-3.35020605988921,5.48805712878601e-20,"LAMP3"
110599564,1e-20,11.53,2.852,2.01534662609525,5.48805712878601e-20,"EEF1AKMT4"
5984,1e-20,29.415,10.303,1.51348755758628,5.48805712878601e-20,"RFC4"
116832,1e-20,36.688,8.429,2.12187487210446,5.48805712878601e-20,"RPL39L"
5648,1.8005e-16,1.101,9.573,-3.1201566404361,7.73174248554913e-16,"MASP1"
285386,1.3637e-19,1.364,5.282,-1.95324065714292,7.04515111265647e-19,"TPRG1"
55214,1e-20,12.563,95.218,-2.92205331037566,5.48805712878601e-20,"P3H2"
84239,5.1375e-17,12.554,61.293,-2.28757520552782,2.27497441883568e-16,"ATP13A4"
131578,1e-20,5.986,1.327,2.17342390812791,5.48805712878601e-20,"LRRC15"
200958,1e-20,30.706,10.183,1.59235793349912,5.48805712878601e-20,"MUC20"
4585,1e-20,20.987,5.383,1.96301362394244,5.48805712878601e-20,"MUC4"
4241,1e-20,9.166,2.5,1.87436419082486,5.48805712878601e-20,"MELTF"
10460,1e-20,42.587,14.052,1.59963762253881,5.48805712878601e-20,"TACC3"
401115,1e-20,15.755,5.43,1.53678565121318,5.48805712878601e-20,"C4orf48"
7466,6.1591e-20,32.585,109.836,-1.75307109151721,3.23974183856502e-19,"WFS1"
6286,1e-20,307.711,22.922,3.7467711844731,5.48805712878601e-20,"S100P"
84740,1e-20,21.284,1,4.41169740352087,5.48805712878601e-20,"AFAP1-AS1"
114905,3.4524e-17,1.286,10.476,-3.02612541702265,1.54567374045802e-16,"C1QTNF7"
9079,4.0978e-19,14.061,91.75,-2.70600895730512,2.0592484464487e-18,"LDB2"
64151,1e-20,5.824,1,2.54201035553661,5.48805712878601e-20,"NCAPG"
9353,4.5223e-16,6.201,38.442,-2.63211060173881,1.89416463258786e-15,"SLIT2"
55203,1e-20,3.002,1,1.5859239769586,5.48805712878601e-20,"LGI2"
80008,1e-20,5.592,1.03,2.44072002330486,5.48805712878601e-20,"TMEM156"
7345,1e-20,26.448,8.319,1.66867660753168,5.48805712878601e-20,"UCHL1"
22998,1.0455e-18,56.46,196.974,-1.80270417676331,5.13126150627615e-18,"LIMCH1"
132299,1e-20,267.214,62.175,2.10358908858596,5.48805712878601e-20,"OCIAD2"
10874,1e-20,6.669,1,2.73747044908606,5.48805712878601e-20,"NMU"
5471,1e-20,12.459,3.52,1.82354094362129,5.48805712878601e-20,"PPAT"
10606,1e-20,47.133,13.867,1.76508180394457,5.48805712878601e-20,"PAICS"
28983,1e-20,2.843,1,1.50741409901544,5.48805712878601e-20,"TMPRSS11E"
54959,1e-20,1,5.615,-2.48928602262588,5.48805712878601e-20,"ODAM"
80144,2.8224e-11,2.172,9.182,-2.079784328908,8.77795545632152e-11,"FRAS1"
306,1e-20,76.811,343.011,-2.15887000557332,5.48805712878601e-20,"ANXA3"
5593,1.1702e-20,1,7.842,-2.9712216418545,6.39692111846946e-20,"PRKG2"
79966,1e-20,12.419,49.272,-1.98821902341946,5.48805712878601e-20,"SCD5"
8404,3.0838e-17,129.853,528.124,-2.02399735949624,1.38342694444444e-16,"SPARCL1"
6696,1e-20,440.581,16.175,4.76756966300837,5.48805712878601e-20,"SPP1"
9429,8.8515e-11,2.229,8.582,-1.94491728448863,2.66154048165138e-10,"ABCG2"
6622,2.2601e-18,1.083,3.8,-1.81096617560998,1.08277834694755e-17,"SNCA"
27306,2.9644e-17,3.67,11.932,-1.70098391460464,1.33093438356164e-16,"HPGDS"
125,1e-20,12.652,255.789,-4.33751685753429,5.48805712878601e-20,"ADH1B"
115265,1e-20,4.886,1.096,2.15640606530673,5.48805712878601e-20,"DDIT4L"
51705,1.1663e-20,6.092,54.028,-3.14871943055801,6.3771658734053e-20,"EMCN"
64116,1e-20,73.742,479.945,-2.70231063730277,5.48805712878601e-20,"SLC39A8"
1062,1e-20,3.023,1,1.59598097896562,5.48805712878601e-20,"CENPE"
255743,1e-20,27.554,150.393,-2.44840374433325,5.48805712878601e-20,"NPNT"
27123,2.8694e-15,2.13,12.588,-2.56312374818522,1.14791451803985e-14,"DKK2"
7368,1e-20,6.258,1.977,1.66238878751171,5.48805712878601e-20,"UGT8"
171024,1.73e-12,4.271,17.506,-2.03520367248888,5.82424622356495e-12,"SYNPO2"
8654,1.2166e-15,7.132,24.199,-1.76256882269501,4.96964153225807e-15,"PDE5A"
4085,1e-20,7.571,1.502,2.33359905535869,5.48805712878601e-20,"MAD2L1"
79625,1e-20,43.968,201.33,-2.19503634857069,5.48805712878601e-20,"NDNF"
890,1e-20,13.178,1.913,2.78422265307997,5.48805712878601e-20,"CCNA2"
2247,1.3824e-11,1,4.851,-2.27828217953273,4.3913267958951e-11,"FGF2"
10733,1e-20,4.994,1.45,1.78414292102592,5.48805712878601e-20,"PLK4"
23657,1e-20,4.324,1,2.11236652307256,5.48805712878601e-20,"SLC7A11"
2996,1e-20,1,10.59,-3.40463068421761,5.48805712878601e-20,"GYPE"
646576,2.1698e-17,3.439,22.058,-2.68124096664792,9.82493551401869e-17,"HHIP-AS1"
64399,2.4847e-15,1.038,22.438,-4.43406573896217,9.96518065502969e-15,"HHIP"
84057,1e-20,7.121,1,2.83207985267166,5.48805712878601e-20,"MND1"
6999,4.6303e-20,6.189,1.742,1.82896169800878,2.45353057774608e-19,"TDO2"
59350,3.8746e-17,1,6.579,-2.71786831273266,1.72637365453818e-16,"RXFP1"
9848,1.3683e-13,1.297,7.407,-2.51371085761224,4.948126253448e-13,"MFAP3L"
51809,1e-20,39.067,12.531,1.640448924224,5.48805712878601e-20,"GALNT7"
2823,1e-20,1,50.348,-5.65386256532618,5.48805712878601e-20,"GPM6A"
80014,1e-20,8.034,43.242,-2.42824288468372,5.48805712878601e-20,"WWC2"
79682,1e-20,14.161,2.882,2.29678090644114,5.48805712878601e-20,"CENPU"
55805,7.4941e-13,1.813,7.827,-2.11008051979445,2.58826912598791e-12,"LRP2BP"
2160,1.0287e-16,1,6.718,-2.74803179557241,4.4831124168948e-16,"F11"
11076,7.4016e-13,5.403,23.731,-2.13494030842411,2.55671821450713e-12,"TPPP"
9319,1e-20,21.282,2.847,2.90211933791408,5.48805712878601e-20,"TRIP13"
153572,2.9698e-11,14.026,57.073,-2.02470476608089,9.22479896864112e-11,"IRX2"
153571,3.9787e-18,2.964,11.831,-1.99695466801077,1.87351123811536e-17,"C5orf38"
9037,8.0277e-19,3.172,29.12,-3.19854567938208,3.96352126495348e-18,"SEMA5A"
651746,1.6752e-12,1,3.479,-1.7986726789578,5.64743342913326e-12,"ANKRD33B"
54491,1.6315e-12,9.703,33.656,-1.7943609454493,5.50510832702498e-12,"OTULINL"
54463,5.4123e-20,6.583,24.514,-1.89678880807267,2.85703292515396e-19,"RETREG1"
23037,1e-20,3.748,27.261,-2.8626456265785,5.48805712878601e-20,"PDZD2"
3575,2.1674e-12,27.02,106.862,-1.98364934383604,7.25515827575849e-12,"IL7R"
3977,5.0828e-12,13.338,45.254,-1.76250296341409,1.65784228889214e-11,"LIFR"
5734,1e-20,9.268,29.992,-1.69424778142327,5.48805712878601e-20,"PTGER4"
730,2.6198e-12,22.276,111.374,-2.32185037533802,8.71454964179104e-12,"C7"
2690,8.5781e-19,1,5.073,-2.34283916046905,4.22684312845457e-18,"GHR"
6414,1e-20,45.178,156.299,-1.79061623790575,5.48805712878601e-20,"SELENOP"
10309,3.6032e-18,11.375,2.081,2.45051767512545,1.70389387651178e-17,"CCNO"
55789,1e-20,5.992,1,2.58303762379666,5.48805712878601e-20,"DEPDC1B"
64105,1e-20,9.107,2.231,2.02928537053126,5.48805712878601e-20,"CENPK"
57486,1e-20,11.36,3.775,1.58941428529224,5.48805712878601e-20,"NLN"
891,1e-20,44.74,6.252,2.83917557294682,5.48805712878601e-20,"CCNB1"
167465,4.613e-12,1,3.025,-1.59693514238723,1.50769806423229e-11,"ZNF366"
100505994,1.0589e-18,22.002,3.679,2.58024909045985,5.19588381770145e-18,"LUCAT1"
353189,6.6429e-13,5.204,19.81,-1.92853601305905,2.30320958774113e-12,"SLCO4C1"
1036,3.7642e-18,2.002,17.197,-3.10264303083758,1.77625927164938e-17,"CDO1"
57556,5.0458e-15,2.212,16.106,-2.86417494782202,1.98931088979303e-14,"SEMA6A"
4001,1e-20,34.686,10.142,1.7740112986714,5.48805712878601e-20,"LMNB1"
5307,1e-20,9.433,1,3.23771666769931,5.48805712878601e-20,"PITX1"
9547,5.1695e-17,42.3,7.672,2.46298303787654,2.28868983909416e-16,"CXCL14"
10112,1e-20,13.978,1.408,3.31143871272024,5.48805712878601e-20,"KIF20A"
2676,8.7939e-16,5.069,1.632,1.63506010661798,3.62005262837089e-15,"GFRA3"
995,1e-20,4.582,1,2.19597745864259,5.48805712878601e-20,"CDC25C"
51237,1e-20,69.868,18.678,1.90329186048608,5.48805712878601e-20,"MZB1"
641700,2.1225e-20,1.638,7.847,-2.26020584322202,1.1426125e-19,"ECSCR"
1839,2.1231e-12,20.902,127.118,-2.60445543370531,7.11327866806975e-12,"HBEGF"
56099,1.3762e-16,1.592,6.226,-1.96746524092553,5.9440638372093e-16,"PCDHGB7"
5098,8.8021e-15,8.734,26.894,-1.62256990994288,3.42539554216867e-14,"PCDHGC3"
51294,1.1233e-13,7.484,26.326,-1.81460686974921,4.07536824027348e-13,"PCDH12"
202374,1e-20,11.501,2.897,1.98912771773728,5.48805712878601e-20,"STK32A"
6690,3.7069e-16,86.354,3.987,4.43688749587039,1.56321060170293e-15,"SPINK1"
389336,1e-20,3.047,1,1.6073895000244,5.48805712878601e-20,"C5orf46"
154,1e-20,5.601,51.811,-3.20950209580132,5.48805712878601e-20,"ADRB2"
22885,4.2231e-19,7.666,26.422,-1.78519377154241,2.12078029968454e-18,"ABLIM3"
134265,8.3759e-15,5.699,19.258,-1.75667718504111,3.265238469477e-14,"AFAP1L1"
11346,1e-20,43.997,145.549,-1.72602786746491,5.48805712878601e-20,"SYNPO"
2878,1e-20,207.459,1448.762,-2.80392246025793,5.48805712878601e-20,"GPX3"
26112,1e-20,30.183,94.953,-1.65347737464921,5.48805712878601e-20,"CCDC69"
2890,2.9088e-17,1,9.986,-3.31990690666801,1.30623464839815e-16,"GRIA1"
114898,1.4594e-16,1.772,6.831,-1.94671818830276,6.2936625e-16,"C1QTNF2"
9232,1e-20,54.487,12.563,2.11673104390075,5.48805712878601e-20,"PTTG1"
3161,1e-20,9.738,1.206,3.01339559336904,5.48805712878601e-20,"HMMR"
6586,1.8682e-18,4.492,37.519,-3.06219154312935,9.00639701492537e-18,"SLIT3"
1843,4.829e-13,276.041,1101.582,-1.99662242135133,1.69166807607671e-12,"DUSP1"
94081,1e-20,31.683,11.131,1.50912573874474,5.48805712878601e-20,"SFXN1"
114787,1e-20,4.466,1,2.15898325116039,5.48805712878601e-20,"GPRIN1"
3101,1.2837e-11,9.196,36.206,-1.97715042705031,4.09120862290862e-11,"HK3"
2264,2.2497e-19,7.504,66.056,-3.13795787736469,1.14708450926561e-18,"FGFR4"
83463,1e-20,9.901,3.271,1.59784248518392,5.48805712878601e-20,"MXD3"
2161,1e-20,3.091,1,1.62807365419614,5.48805712878601e-20,"F12"
2324,3.333e-12,8.908,25.544,-1.5198109947823,1.09869207217867e-11,"FLT4"
153579,8.8956e-13,3.411,52.369,-3.94044639634036,3.05950983333333e-12,"BTNL9"
2295,1.7193e-13,5.322,15.332,-1.5265054877783,6.18332081652412e-13,"FOXF2"
347733,3.0013e-18,3.045,1,1.60644222813161,1.42681478566859e-17,"TUBB2B"
10799,1e-20,8.477,2.756,1.62097789904764,5.48805712878601e-20,"RPP40"
51299,7.8238e-16,7.315,35.294,-2.27049317589029,3.22786061828952e-15,"NRN1"
1832,1e-20,87.152,21.286,2.03362890386966,5.48805712878601e-20,"DSP"
7020,1e-20,6.254,1,2.64477921926295,5.48805712878601e-20,"TFAP2A"
4739,1.5804e-17,58.978,227.626,-1.94841655003981,7.22213959401271e-17,"NEDD9"
84830,4.1179e-15,3.159,18.035,-2.51325958092806,1.63243751867663e-14,"ADTRP"
221692,1e-20,8.834,57.281,-2.69691794160671,5.48805712878601e-20,"PHACTR1"
54438,2.0626e-14,3.096,12.441,-2.00662507648271,7.82986990291262e-14,"GFOD1"
221687,2.6961e-11,1,3.723,-1.89646561618943,8.39921452334358e-11,"RNF182"
255488,1e-20,15.12,51.34,-1.76362515635435,5.48805712878601e-20,"RNF144B"
3400,5.136e-18,10.222,52.919,-2.3721083030972,2.40677106812447e-17,"ID4"
6659,1e-20,116.692,38.087,1.61533509757162,5.48805712878601e-20,"SOX4"
51473,8.5743e-13,1.749,7.457,-2.09206505226459,2.95173654772938e-12,"DCDC2"
394263,1e-20,16.297,3.388,2.26610063354099,5.48805712878601e-20,"MUC21"
629,3.9883e-17,4.229,1.375,1.62088494172942,1.77596887312687e-16,"CFB"
7148,3.2233e-13,4.085,42.814,-3.38967464557099,1.14282034839325e-12,"TNXB"
177,1e-20,36.004,3928.448,-6.76965845657555,5.48805712878601e-20,"AGER"
4855,1.7232e-14,7.931,31.53,-1.99115048169258,6.5750656394453e-14,"NOTCH4"
3833,1e-20,22.898,3.564,2.68365235128037,5.48805712878601e-20,"KIFC1"
3159,1e-20,254.374,63.445,2.00337284069243,5.48805712878601e-20,"HMGA1"
6204,1e-20,5.139,1.774,1.53448164250409,5.48805712878601e-20,"RPS10"
25803,1e-20,38.612,4.94,2.96646633709954,5.48805712878601e-20,"SPDEF"
222663,1e-20,2.845,1,1.50842865253186,5.48805712878601e-20,"SCUBE3"
222662,1e-20,2.855,1,1.51349074558812,5.48805712878601e-20,"LHFPL5"
6732,1e-20,25.375,8.233,1.62391769109752,5.48805712878601e-20,"SRPK1"
266727,1.7367e-11,1.172,4.783,-2.02894322156406,5.47233605259437e-11,"MDGA1"
4337,3.186e-17,6.928,20.234,-1.54627071505613,1.42812514078842e-16,"MOCS1"
222643,1e-20,9.762,1.209,3.01336250714456,5.48805712878601e-20,"UNC5CL"
171558,7.1687e-15,1,5.389,-2.43001758672766,2.8029617e-14,"PTCRA"
860,1e-20,8.913,3.061,1.54190806102958,5.48805712878601e-20,"RUNX2"
53405,1e-20,9.031,209.144,-4.53346705403134,5.48805712878601e-20,"CLIC5"
221395,1.3665e-18,72.75,228.333,-1.65012022809276,6.63800904533566e-18,"ADGRF5"
266977,1e-20,26.088,7.015,1.8948713372412,5.48805712878601e-20,"ADGRF1"
27242,1e-20,131.688,31.915,2.04481733384788,5.48805712878601e-20,"TNFRSF21"
135398,1e-20,3.805,1.153,1.72250394073914,5.48805712878601e-20,"C6orf141"
54511,2.4358e-19,1,3.68,-1.87970576628229,1.24083827657143e-18,"HMGCLL1"
202559,1e-20,1,8.33,-3.05831649559082,5.48805712878601e-20,"KHDRBS2"
51557,1e-20,5.407,1,2.43482835641991,5.48805712878601e-20,"LGSN"
27145,1e-20,1.929,10.113,-2.39028598465626,5.48805712878601e-20,"FILIP1"
80078,1.319e-19,4.242,1,2.08474462086847,6.81896381350035e-19,"LCAL1"
7272,1e-20,6.802,1,2.76595900604575,5.48805712878601e-20,"TTK"
7162,1e-20,32.203,9.224,1.80373067655795,5.48805712878601e-20,"TPBG"
9457,1.7567e-18,1.051,9.005,-3.09896360683146,8.47987283950617e-18,"FHL5"
55084,1e-20,1.33,5.243,-1.9789663001278,5.48805712878601e-20,"SOBP"
27244,1e-20,7.728,24.321,-1.65403554961775,5.48805712878601e-20,"SESN1"
8528,2.7135e-19,2.633,9.273,-1.81632863353332,1.37852232733075e-18,"DDO"
1300,1e-20,29.962,1,4.90506202354978,5.48805712878601e-20,"COL10A1"
221303,6.7499e-16,4.222,23.532,-2.47862545756615,2.79775007067138e-15,"FAM162B"
79632,1.3791e-14,5.424,19.082,-1.81478330572647,5.29292262786292e-14,"FAM184A"
5570,1e-20,11.512,3.613,1.67186933730785,5.48805712878601e-20,"PKIB"
2037,1.8927e-16,26.576,79.144,-1.57435600368226,8.11828423787529e-16,"EPB41L2"
1490,7.4196e-11,165.996,517.924,-1.64159193542232,2.24522233808554e-10,"CCN2"
6943,2.9061e-19,1.98,29.291,-3.88688511250832,1.47334510236579e-18,"TCF21"
53832,6.4399e-12,5.03,17.56,-1.80366253972983,2.08401410338319e-11,"IL20RA"
57224,1e-20,6.822,27.234,-1.99714223404565,5.48805712878601e-20,"NHSL1"
9749,7.381e-18,8.735,28.415,-1.70177310713457,3.43066417101147e-17,"PHACTR2"
8676,1e-20,2.782,23.185,-3.05899740171965,5.48805712878601e-20,"STX11"
7402,4.4488e-16,24.782,73.767,-1.57368294141517,1.86443034223392e-15,"UTRN"
389432,7.9566e-11,1.8,6.111,-1.76341157447001,2.40087658001625e-10,"SAMD5"
23328,2.2117e-16,10.875,38.91,-1.8391255793494,9.43751826536473e-16,"SASH1"
80177,1e-20,6.973,38.216,-2.45432539518447,5.48805712878601e-20,"MYCT1"
26575,1e-20,2.909,1,1.54052329643822,5.48805712878601e-20,"RGS17"
8871,1e-20,9.881,3.485,1.50349840009226,5.48805712878601e-20,"SYNJ2"
84624,2.3907e-16,7.37,2.211,1.73696559416621,1.0175999025974e-15,"FNDC1"
7058,1e-20,27.792,4.442,2.64538836116341,5.48805712878601e-20,"THBS2"
115330,1.3099e-14,1,3.957,-1.98440706531061,5.03851573770492e-14,"GPR146"
202915,1e-20,15.369,2.022,2.92616839527271,5.48805712878601e-20,"TMEM184A"
84433,1e-20,14.5,4.427,1.71165162169179,5.48805712878601e-20,"CARD11"
55698,2.31e-17,1,5.634,-2.49415956371284,1.044703125e-16,"RADIL"
222962,1e-20,6.554,1.268,2.36982092740335,5.48805712878601e-20,"SLC29A4"
25928,3.0853e-13,1,37.787,-5.23981807903362,1.0952864144632e-12,"SOSTDC1"
10551,1e-20,602.963,134.09,2.16886782612498,5.48805712878601e-20,"AGR2"
10643,1e-20,2.929,1,1.55040819321728,5.48805712878601e-20,"IGF2BP3"
56164,1e-20,3.011,1,1.59024270806259,5.48805712878601e-20,"STK31"
105375304,6.5021e-14,1.443,6.327,-2.13245029602365,2.39010890153389e-13,"AC004540.2"
3202,5.8669e-12,6.881,21.789,-1.66290983704306,1.90351093449782e-11,"HOXA5"
79017,1e-20,59.018,19.037,1.63234888625662,5.48805712878601e-20,"GGCT"
11185,4.6757e-19,13.958,257.227,-4.20387794202199,2.34226401213756e-18,"INMT"
358,1e-20,131.615,1026.221,-2.96294562769179,5.48805712878601e-20,"AQP1"
168667,7.3987e-14,1,5.384,-2.42867840994823,2.71431813827161e-13,"BMPER"
54443,1e-20,19.041,1.601,3.57206403548768,5.48805712878601e-20,"ANLN"
79783,1e-20,4.572,1.415,1.69202335049523,5.48805712878601e-20,"SUGCT"
10268,1.6159e-14,19.77,178.505,-3.17457970913443,6.17728358490566e-14,"RAMP3"
3486,1e-20,225.772,58.179,1.95629617147962,5.48805712878601e-20,"IGFBP3"
6804,1e-20,12.707,2.201,2.52939241383302,5.48805712878601e-20,"STX1A"
1365,1e-20,146.424,39.879,1.87645090313053,5.48805712878601e-20,"CLDN3"
7784,1e-20,8.625,2.4,1.84549005094438,5.48805712878601e-20,"ZP3"
105375355,1.5943e-17,3.574,223.278,-5.96515766211095,7.28118116803279e-17,"UPK3B"
100505881,1e-20,10.358,35.795,-1.78901261611524,5.48805712878601e-20,"MAGI2-AS3"
948,1e-20,15.28,202.49,-3.72813421355224,5.48805712878601e-20,"CD36"
26872,1e-20,35.252,5.81,2.60109504148473,5.48805712878601e-20,"STEAP1"
2791,4.4915e-13,19.328,85.138,-2.139110839999,1.57797159363178e-12,"GNG11"
402569,1e-20,3.827,1,1.93621390100641,5.48805712878601e-20,"KPNA7"
407014,1e-20,9.136,2.494,1.87310118553317,5.48805712878601e-20,"MIR25"
29992,1e-20,21.947,67.785,-1.62694231072199,5.48805712878601e-20,"PILRA"
100616117,1e-20,6.834,1,2.77273024776718,5.48805712878601e-20,"MIR4653"
723809,4.2977e-20,2.313,33.838,-3.870807129187,2.28163029776084e-19,"LHFPL3-AS2"
54674,7.2855e-17,1,9.837,-3.29821840245213,3.20133948146688e-16,"LRRN3"
9732,1.4006e-19,7.691,25.737,-1.74260079974394,7.23075566365532e-19,"DOCK4"
858,1e-20,57.472,358.154,-2.63964889440236,5.48805712878601e-20,"CAV2"
857,1e-20,76.917,1397.451,-4.18335139307694,5.48805712878601e-20,"CAV1"
79974,1e-20,5.171,23.004,-2.15336953290592,5.48805712878601e-20,"CPED1"
57464,1e-20,3.505,1.104,1.66667427211982,5.48805712878601e-20,"STRIP2"
100287482,1.2908e-19,4.1,1.076,1.92994583183618,6.67937302066403e-19,"SMKR1"
92092,1e-20,7.091,2.298,1.62561029821263,5.48805712878601e-20,"ZC3HAV1L"
27147,1.8342e-19,4.896,20.207,-2.045179687056,9.39742882758621e-19,"DENND2A"
135932,1e-20,1.12,8.092,-2.85299758761332,5.48805712878601e-20,"TMEM139"
2146,1e-20,17.883,3.173,2.49466935277434,5.48805712878601e-20,"EZH2"
9601,1e-20,402.984,122.283,1.72049870762438,5.48805712878601e-20,"PDIA4"
155038,3.0246e-18,8.641,44.133,-2.35258763335025,1.43729765884861e-17,"GIMAP8"
168537,1.7332e-19,22.772,81.031,-1.83121294007212,8.89222569060773e-19,"GIMAP7"
55303,1e-20,34.154,100.013,-1.55006108111964,5.48805712878601e-20,"GIMAP4"
474344,1e-20,14.581,68.251,-2.22676051771771,5.48805712878601e-20,"GIMAP6"
170575,1.2286e-17,3.021,12.687,-2.07025287702202,5.64573364948454e-17,"GIMAP1"
26,1e-20,7.866,1,2.97563018628082,5.48805712878601e-20,"AOC1"
349136,1e-20,5.634,1.617,1.80083988490127,5.48805712878601e-20,"WDR86"
7516,1e-20,2.962,1,1.56657164062676,5.48805712878601e-20,"XRCC2"
645249,1e-20,3.282,1,1.71457523885163,5.48805712878601e-20,"MNX1-AS1"
54892,1e-20,15.501,5.37,1.52936729627324,5.48805712878601e-20,"NCAPG2"
83595,3.8475e-11,2.111,18.032,-3.09456093682507,1.18470893202542e-10,"SOX7"
83648,6.3605e-14,4.772,27.888,-2.54697852643046,2.33960164218518e-13,"FAM167A"
10395,1.0417e-17,24.551,144.367,-2.55588730873249,4.81068543307087e-17,"DLC1"
4481,8.8348e-17,35.505,192.617,-2.43964092633924,3.8608076e-16,"MSR1"
5157,1e-20,19.863,6.674,1.57345994453961,5.48805712878601e-20,"PDGFRL"
2267,7.8152e-11,3.336,1,1.73811928878258,2.35980710472836e-10,"FGL1"
4023,1e-20,17.614,148.755,-3.07814368544259,5.48805712878601e-20,"LPL"
9046,4.2747e-19,21.662,81.111,-1.90473113150684,2.14572610135135e-18,"DOK2"
203190,1e-20,1,71.59,-6.161686174584,5.48805712878601e-20,"LGI3"
6440,1e-20,316.842,51864.178,-7.35483103007538,5.48805712878601e-20,"SFTPC"
64236,1e-20,14.809,61.266,-2.04861243841312,5.48805712878601e-20,"PDLIM2"
157310,1e-20,17.505,359.512,-4.36020095970084,5.48805712878601e-20,"PEBP4"
389641,1e-20,3,1,1.58496250072116,5.48805712878601e-20,"AC100861.1"
10863,1e-20,12.036,2.54,2.24445560967381,5.48805712878601e-20,"ADAM28"
27299,1e-20,7.125,1.426,2.32091603238294,5.48805712878601e-20,"ADAMDEC1"
157313,1e-20,3.322,1,1.73205207330029,5.48805712878601e-20,"CDCA2"
1808,1e-20,81.896,264.46,-1.69118463493458,5.48805712878601e-20,"DPYSL2"
157570,1e-20,2.86,1,1.51601514700366,5.48805712878601e-20,"ESCO2"
55872,1e-20,8.773,1.029,3.09182728632479,5.48805712878601e-20,"PBK"
80223,2.6071e-15,34.529,98.664,-1.51471522506568,1.04429255391804e-14,"RAB11FIP1"
6867,1e-20,34.57,122.554,-1.82582506391275,5.48805712878601e-20,"TACC1"
4173,1e-20,47.253,11.221,2.07420467344834,5.48805712878601e-20,"MCM4"
64321,1.7954e-11,1.958,11.746,-2.58471687289373,5.6533031647358e-11,"SOX17"
100507632,2.2561e-16,1,7.112,-2.83025532416768,9.61776983550115e-16,"LINC00968"
80243,4.6352e-15,1.805,8.7,-2.26901656384892,1.83196847668026e-14,"PREX2"
286189,1.4847e-12,5.626,24.515,-2.12348330385835,5.027272698268e-12,"C8orf34-AS1"
23213,1e-20,54.295,10.459,2.37607442703043,5.48805712878601e-20,"SULF1"
157869,1.9042e-20,1.476,13.374,-3.17966639592051,1.02887597818182e-19,"SBSPON"
3174,1e-20,3.848,1,1.94410879910795,5.48805712878601e-20,"HNF4G"
101927067,1e-20,3.034,1,1.60122108558495,5.48805712878601e-20,"LINC01607"
2171,6.83e-19,20.605,98.45,-2.25639674250842,3.3864340378198e-18,"FABP5"
2167,8.3122e-16,4.894,315.024,-6.00830383240494,3.42745608510638e-15,"FABP4"
64168,1e-20,1,10.566,-3.40135740989028,5.48805712878601e-20,"NECAB1"
9134,1e-20,2.902,1,1.53704751940466,5.48805712878601e-20,"CCNE2"
115908,1e-20,131.638,6.408,4.36055805464219,5.48805712878601e-20,"CTHRC1"
284,3.5707e-17,5.084,33.181,-2.70632143104625,1.59639299699097e-16,"ANGPT1"
340419,4.8916e-15,1,7.323,-2.87243479584022,1.93114526036132e-14,"RSPO2"
79075,1e-20,7.451,2.46,1.59877574735584,5.48805712878601e-20,"DSCC1"
27085,1e-20,4.476,1.546,1.53366971705155,5.48805712878601e-20,"MTBP"
84985,1e-20,66.101,1,6.04660019240139,5.48805712878601e-20,"FAM83A"
100131726,1e-20,5.497,1,2.45864447937567,5.48805712878601e-20,"FAM83A-AS1"
29028,1e-20,19.082,5.982,1.67351257374346,5.48805712878601e-20,"ATAD2"
114907,1e-20,17.757,5.392,1.71949546098401,5.48805712878601e-20,"FBXO32"
5820,1e-20,17.875,2.896,2.62580973435727,5.48805712878601e-20,"PVT1"
56169,1e-20,4.013,1.046,1.93979830453305,5.48805712878601e-20,"GSDMC"
3786,1e-20,6.927,1.751,1.98405159006171,5.48805712878601e-20,"KCNQ3"
8840,1e-20,8.567,1.73,2.30801805062506,5.48805712878601e-20,"CCN4"
22898,2.7328e-19,18.368,67.758,-1.88319674441717,1.38769454545455e-18,"DENND3"
338328,3.4016e-16,3.495,91.833,-4.71564831559717,1.43718406066351e-15,"GPIHBP1"
114822,1e-20,20.691,5.871,1.81732521081253,5.48805712878601e-20,"RHPN1"
642475,1e-20,26.163,5.819,2.16868482682723,5.48805712878601e-20,"MROH6"
23246,1e-20,55.192,18.917,1.54477585221553,5.48805712878601e-20,"BOP1"
4796,1e-20,10.659,2.868,1.89395516535047,5.48805712878601e-20,"TONSL"
9401,1e-20,10.985,1.605,2.77488966730097,5.48805712878601e-20,"RECQL4"
6505,5.8471e-17,9.433,52.75,-2.48338252100788,2.58048153861386e-16,"SLC1A1"
90865,1.9242e-19,16.947,100.996,-2.57519634378863,9.84270034427358e-19,"IL33"
401494,1e-20,5.604,16.182,-1.52986106652594,5.48805712878601e-20,"HACD4"
1029,1e-20,14.868,3.276,2.18220333122075,5.48805712878601e-20,"CDKN2A"
1030,1.8207e-14,12.668,36.929,-1.54356542386998,6.93402954545455e-14,"CDKN2B"
7010,1.517e-18,5.05,54.651,-3.43589260148995,7.34507473386922e-18,"TEK"
84904,1e-20,3.588,1,1.84317989025717,5.48805712878601e-20,"ARHGEF39"
768,1e-20,5.749,1,2.52331103075142,5.48805712878601e-20,"CA9"
158376,7.8508e-19,1.218,8.092,-2.73198218665195,3.87789848404255e-18,"SPAAR"
8434,1.8714e-18,7.714,22.816,-1.56449483581513,9.01792255135135e-18,"RECK"
152007,1e-20,39.195,177.718,-2.18084828028169,5.48805712878601e-20,"GLIPR2"
9833,1e-20,14.624,1.23,3.57160775483147,5.48805712878601e-20,"MELK"
347252,1e-20,5.662,1.878,1.59211468625197,5.48805712878601e-20,"IGFBPL1"
5239,1.3465e-19,4.605,22.929,-2.31590037475852,6.95951890074211e-19,"PGM5"
101927015,2.7045e-11,1,2.876,-1.52406367577721,8.42420566037736e-11,"LINC01506"
8395,1e-20,4.677,31.875,-2.768770008102,5.48805712878601e-20,"PIP5K1B"
9413,1e-20,9.967,101.684,-3.35078954998984,5.48805712878601e-20,"FAM189A2"
256691,2.3099e-18,4.251,39.614,-3.22013621977849,1.10616117963043e-17,"MAMDC2"
687,2.6042e-13,23.603,77.403,-1.71341924232932,9.28042938919092e-13,"KLF9"
29968,1e-20,24.032,2.321,3.37213829016979,5.48805712878601e-20,"PSAT1"
257019,1.4966e-20,1.864,13.506,-2.85712669752103,8.12935028028272e-20,"FRMD3"
51280,1e-20,219.55,35.165,2.642337412046,5.48805712878601e-20,"GOLM1"
53358,1.7245e-14,1.761,7.401,-2.07132530719007,6.57889960629921e-14,"SHC3"
65268,2.8573e-17,3.101,1,1.63273352595054,1.28362517839145e-16,"WNK2"
100188953,1.3786e-19,1,3.612,-1.85279789281877,7.12047698725377e-19,"LINC00092"
7111,2.466e-18,1.994,7.847,-1.97647579046483,1.1799e-17,"TMOD1"
9314,9.4545e-13,19.89,113.403,-2.51134362502648,3.24372600831281e-12,"KLF4"
79987,6.3163e-15,3.065,19.39,-2.66135382441601,2.47575409954274e-14,"SVEP1"
57864,9.7493e-16,1.778,18.002,-3.33982996781875,4.00594854535398e-15,"SLC46A2"
7099,1e-20,3.896,12.403,-1.67062353498639,5.48805712878601e-20,"TLR4"
89853,7.393e-16,14.216,44.881,-1.65858923472078,3.05634930439622e-15,"MVB12B"
10044,3.6763e-19,14.405,68.334,-2.24603391840406,1.85370357692308e-18,"SH2D3C"
2022,1.1943e-16,95.105,280.321,-1.55948673096417,5.17746821630033e-16,"ENG"
3934,4.0558e-19,205.542,49.262,2.06088611469252,2.0395219900722e-18,"LCN2"
389792,1e-20,7.531,2.642,1.51121097855853,5.48805712878601e-20,"IER5L"
51450,1e-20,5.975,1.933,1.62809707554424,5.48805712878601e-20,"PRRX2"
9536,1e-20,39.174,7.205,2.44282611178367,5.48805712878601e-20,"PTGES"
10319,3.14e-12,4.297,18.367,-2.09571431882628,1.03814241210503e-11,"LAMC3"
642515,1.079e-14,1.988,8.003,-2.00922315232599,4.17494322916667e-14,"PRRT1B"
1289,1e-20,71.758,21.068,1.76808631620044,5.48805712878601e-20,"COL5A1"
5047,2.9943e-12,7.671,1,2.93941466130072,9.91884127526754e-12,"PAEP"
286256,1e-20,4.536,1.127,2.00893312477001,5.48805712878601e-20,"LCN12"
9022,1e-20,35.96,199.195,-2.4697165087616,5.48805712878601e-20,"CLIC3"
954,1e-20,2.884,1,1.52807116457874,5.48805712878601e-20,"ENTPD2"
89958,1e-20,5.439,1,2.44334142580323,5.48805712878601e-20,"SAPCD2"
5214,1e-20,109.768,26.868,2.03049669635429,5.48805712878601e-20,"PFKP"
1316,5.8636e-13,87.991,276.999,-1.6544528950192,2.04158808311201e-12,"KLF6"
5588,1e-20,3.364,11.856,-1.81736774205069,5.48805712878601e-20,"PRKCQ"
80760,1e-20,5.446,35.16,-2.69066618298697,5.48805712878601e-20,"ITIH5"
207107,1e-20,33.539,243.505,-2.86003981692139,5.48805712878601e-20,"SFTA1P"
55388,1e-20,4.152,1,2.05380644369579,5.48805712878601e-20,"MCM10"
8516,1.3171e-16,4.979,25.568,-2.36041139286193,5.6899026361698e-16,"ITGA8"
338596,1.7309e-17,1,9.91,-3.30888505741176,7.89048236858253e-17,"ST8SIA6"
4360,6.8861e-17,31.179,201.133,-2.68950324229793,3.02942184563758e-16,"MRC1"
10529,1e-20,18.411,63.012,-1.77505861219073,5.48805712878601e-20,"NEBL"
256815,1.6103e-14,1,4.512,-2.17376706773671,6.15693190941843e-14,"C10orf67"
105376453,2.598e-13,1,5.846,-2.54744982914397,9.25981544858468e-13,"AL606469.1"
220213,2.1571e-18,13.136,54.209,-2.04500636137033,1.03543587551152e-17,"OTUD1"
57608,5.3636e-15,10.286,52.116,-2.34104429982259,2.11124255033557e-14,"JCAD"
6935,3.6924e-14,8.544,24.447,-1.5166738843821,1.37739255062761e-13,"ZEB1"
8187,1e-20,7.201,2.39,1.59118664874657,5.48805712878601e-20,"ZNF239"
240,1.0254e-15,43.976,162.664,-1.88710670653382,4.20480033118675e-15,"ALOX5"
728113,1.0831e-11,1,8.685,-3.11852584893567,3.46377524752475e-11,"ANXA8L1"
9721,1.5224e-20,1.689,6.976,-2.04623071197554,8.26345075499269e-20,"GPRIN2"
2662,2.7701e-19,1.305,23.662,-4.18045030885935,1.4056743784153e-18,"GDF10"
170371,1e-20,14.802,46.942,-1.66508718883011,5.48805712878601e-20,"TMEM273"
5592,2.1683e-17,3.309,10.886,-1.71800674441256,9.82013861003861e-17,"PRKG1"
11130,1e-20,39.631,6.496,2.60900583332496,5.48805712878601e-20,"ZWINT"
220965,3.9625e-14,1.503,5.446,-1.85735197312743,1.47482026553106e-13,"FAM13C"
220963,1e-20,6.906,1.675,2.04368923862089,5.48805712878601e-20,"SLC16A9"
983,1e-20,38.445,7.645,2.33020757265193,5.48805712878601e-20,"CDK1"
219790,2.0922e-19,4.762,123.266,-4.69406349059715,1.06775501259446e-18,"RTKN2"
56521,1e-20,25.107,2.273,3.46542006404469,5.48805712878601e-20,"DNAJC12"
1763,1e-20,4.61,1.092,2.07779389439685,5.48805712878601e-20,"DNA2"
80201,1e-20,11.235,3.954,1.50661534833806,5.48805712878601e-20,"HKDC1"
64115,1e-20,25.628,77.823,-1.6024757002408,5.48805712878601e-20,"VSIR"
9806,1e-20,28.322,365.188,-3.68864430726976,5.48805712878601e-20,"SPOCK2"
58529,3.2043e-11,2.381,11.243,-2.23938751941393,9.92553635858235e-11,"MYOZ1"
5328,1e-20,77.549,20.834,1.89616832316751,5.48805712878601e-20,"PLAU"
729238,2.0008e-20,1374.48,21312.228,-3.95472360215466,1.07839974848851e-19,"SFTPA2"
653509,1e-20,1100.231,19698.745,-4.16222535601006,5.48805712878601e-20,"SFTPA1"
6441,1e-20,140.342,1495.759,-3.4138590112445,5.48805712878601e-20,"SFTPD"
219348,5.9339e-18,10.607,70.19,-2.72624883028803,2.76844943060498e-17,"PLAC9"
439990,1e-20,4.44,1,2.15055967657538,5.48805712878601e-20,"LINC00857"
79812,9.8589e-18,12.764,53.659,-2.0717396547619,4.55767069695084e-17,"MMRN2"
9060,1e-20,50.731,152.609,-1.58890054252966,5.48805712878601e-20,"PAPSS2"
118932,1e-20,14.204,2.17,2.71053031768913,5.48805712878601e-20,"ANKRD22"
3832,1e-20,11.447,1.918,2.57729492462474,5.48805712878601e-20,"KIF11"
55165,1e-20,19.362,1.97,3.29696044886436,5.48805712878601e-20,"CEP55"
338557,1.5337e-11,1.247,8.765,-2.81329262581723,4.85326876331109e-11,"FFAR4"
5950,4.0289e-13,5.722,55.812,-3.28598394292258,1.41941344135315e-12,"RBP4"
51196,4.997e-14,3.518,11.272,-1.67991612883768,1.8490476340694e-13,"PLCE1"
3070,1e-20,10.943,2.345,2.22234847625532,5.48805712878601e-20,"HELLS"
10580,3.2011e-17,8.473,27.851,-1.71678435479426,1.43431676115802e-16,"SORBS1"
5832,1e-20,82.971,25.859,1.68194068880885,5.48805712878601e-20,"ALDH18A1"
401647,1e-20,6.082,1.254,2.27800846822876,5.48805712878601e-20,"GOLGA7B"
55118,1e-20,11.282,151.721,-3.74932603847659,5.48805712878601e-20,"CRTAC1"
10360,1e-20,58.441,18.132,1.68844279836712,5.48805712878601e-20,"NPM3"
1308,1.2645e-20,6.902,1,2.78701447377343,6.90225606171932e-20,"COL17A1"
85450,4.6407e-12,10.31,30.62,-1.57042995013168,1.51652904545455e-11,"ITPRIP"
153,3.3397e-13,1.448,21.157,-3.86900156453241,1.18257406513106e-12,"ADRB1"
2869,1e-20,6.582,46.786,-2.82947895822944,5.48805712878601e-20,"GRK5"
2263,1.9669e-20,11.209,53.315,-2.24988391234798,1.06115469135802e-19,"FGFR2"
196792,1e-20,5.133,1.75,1.55244733849088,5.48805712878601e-20,"FAM24B"
8038,1e-20,8.681,1.332,2.70426715979315,5.48805712878601e-20,"ADAM12"
4288,1e-20,12.858,1.456,3.14258399519901,5.48805712878601e-20,"MKI67"
101,1e-20,48.282,11.755,2.03821089953613,5.48805712878601e-20,"ADAM8"
338707,1e-20,3.614,1,1.85359650620251,5.48805712878601e-20,"B4GALNT4"
727897,3.0792e-19,14.226,1.503,3.2426131542868,1.55897615629259e-18,"MUC5B"
5003,1e-20,3.995,1.045,1.93469256084709,5.48805712878601e-20,"SLC22A18AS"
7262,1e-20,66.182,11.764,2.49206020077889,5.48805712878601e-20,"PHLDA2"
283298,1.2301e-16,10.092,33.703,-1.73966490408976,5.32748517294986e-16,"OLFML1"
10894,7.5559e-14,3.929,41.062,-3.38556982535587,2.76970959375e-13,"LYVE1"
79733,1e-20,4.601,1,2.20194745644116,5.48805712878601e-20,"E2F8"
387758,1.486e-13,5.034,26.305,-2.38555992846117,5.35897766990291e-13,"FIBIN"
55366,1e-20,30.189,4.79,2.65592540780345,5.48805712878601e-20,"LGR4"
627,4.8483e-14,1,5.092,-2.34823241923927,1.79461986547085e-13,"BDNF"
4005,2.416e-20,14.07,56.91,-2.0160598508961,1.29779204627621e-19,"LMO2"
847,1e-20,94.745,359.448,-1.92366136173198,5.48805712878601e-20,"CAT"
90139,9.2828e-17,7.714,34.741,-2.17108823072596,4.05340445924765e-16,"TSPAN18"
120071,1e-20,28.548,6.476,2.14021478684372,5.48805712878601e-20,"LARGE2"
4192,1e-20,681.609,92.611,2.87968891822795,5.48805712878601e-20,"MDK"
6688,1.4466e-16,67.868,200.318,-1.56148865927911,6.23966986646023e-16,"SPI1"
349667,1e-20,7.595,1.505,2.33528647774238,5.48805712878601e-20,"RTN4RL2"
374393,1e-20,7.159,1.197,2.58033492741522,5.48805712878601e-20,"FAM111B"
2206,1.0522e-12,2.181,11.005,-2.33509747013817,3.59392818390805e-12,"MS4A2"
58475,1.5122e-19,24.821,106.448,-2.10051569822427,7.78346452655889e-19,"MS4A7"
219995,1.1203e-15,2.99,101.117,-5.07973627186936,4.58551443526171e-15,"AP004243.1"
54972,1e-20,33.386,8.969,1.89622420772966,5.48805712878601e-20,"TMEM132A"
9066,1e-20,19.292,2.435,2.98600903779219,5.48805712878601e-20,"SYT7"
745,2.3269e-15,7.81,59.58,-2.93143367010755,9.35081505589614e-15,"MYRF"
2237,1e-20,36.464,12.309,1.56675926965161,5.48805712878601e-20,"FEN1"
79026,6.5664e-19,100.804,500.988,-2.31322315993164,3.25718577342533e-18,"AHNAK"
26472,1e-20,221.002,51.813,2.09267340169931,5.48805712878601e-20,"PPP1R14B"
10235,2.9153e-13,5.6,16.034,-1.51763564706397,1.03642193491785e-12,"RASGRP2"
113130,1e-20,18.606,2.454,2.92256077767087,5.48805712878601e-20,"CDCA5"
102724064,1.5057e-13,7.886,24.545,-1.63806355114559,5.42826527013911e-13,"AP001107.9"
6712,1e-20,12.086,2.024,2.57805565200536,5.48805712878601e-20,"SPTBN2"
5091,1e-20,21.558,6.283,1.77869785597722,5.48805712878601e-20,"PC"
91683,1e-20,6.092,1,2.60691594182521,5.48805712878601e-20,"SYT12"
91703,1e-20,4.478,1,2.16285452819051,5.48805712878601e-20,"ACY3"
222,1e-20,5.883,1.395,2.07628691419676,5.48805712878601e-20,"ALDH3B2"
26579,1.6854e-17,4.188,1,2.06626144226872,7.68621031307551e-17,"MYEOV"
2348,9.5199e-13,209.284,632.299,-1.59514491771623,3.26465627481151e-12,"FOLR1"
5031,1e-20,13.525,2.125,2.67009384768911,5.48805712878601e-20,"P2RY6"
283208,1e-20,6.72,1.248,2.42884329880387,5.48805712878601e-20,"P4HA3"
283209,1e-20,11.634,3.268,1.83186732068227,5.48805712878601e-20,"PGM2L1"
11309,1.0363e-18,46.669,136.337,-1.5466406836154,5.08834943820225e-18,"SLCO2B1"
2615,1.4103e-12,21.224,87.221,-2.03897895051957,4.78407246575342e-12,"LRRC32"
192134,1e-20,3.552,1,1.82863158168802,5.48805712878601e-20,"B3GNT6"
4647,1e-20,5.186,1.29,2.00725114054268,5.48805712878601e-20,"MYO7A"
8322,1.5977e-12,8.486,29.088,-1.77726752090337,5.39432508710801e-12,"FZD4"
154810,1e-20,9.506,37.578,-1.98297797802359,5.48805712878601e-20,"AMOTL1"
4321,1e-20,19.19,1,4.26228280642066,5.48805712878601e-20,"MMP12"
4322,2.4652e-13,5.068,1,2.34141652447872,8.79633563880884e-13,"MMP13"
2977,1.3638e-14,1.366,7.311,-2.42011126815441,5.23961568695053e-14,"GUCY1A2"
54733,1e-20,36.023,9.069,1.98990294927365,5.48805712878601e-20,"SLC35F2"
5450,8.1566e-16,14.29,4.05,1.81901210332383,3.36454088839534e-15,"POU2AF1"
1410,1.9863e-20,22.171,119.868,-2.43470081976622,1.07110254294701e-19,"CRYAB"
23705,1e-20,21.822,74.746,-1.77621304454534,5.48805712878601e-20,"CADM1"
53826,1e-20,7.382,29.291,-1.98837380522968,5.48805712878601e-20,"FXYD6"
56649,1e-20,40.147,1.148,5.12809763870284,5.48805712878601e-20,"TMPRSS4"
6330,5.683e-16,2.527,20.846,-3.04427301169493,2.36653626681614e-15,"SCN4B"
120425,3.7891e-16,30.312,104.029,-1.77902481217972,1.59606259119259e-15,"JAML"
7070,1e-20,28.836,8.072,1.83687297474467,5.48805712878601e-20,"THY1"
84959,9.0601e-16,4.308,13.732,-1.67245160741305,3.72825791543575e-15,"UBASH3B"
85391,1.88e-19,5.236,1.268,2.04591035180583,9.62544452101999e-19,"SNORD14E"
4900,9.5784e-13,28.245,123.349,-2.12667861385787,3.28370713428703e-12,"NRGN"
23584,1e-20,25.42,137.917,-2.43976436261521,5.48805712878601e-20,"VSIG2"
90952,1e-20,48.322,229.284,-2.24638361089347,5.48805712878601e-20,"ESAM"
101929340,1.1974e-19,1.717,6.092,-1.82702590248516,6.20903997208004e-19,"AP000866.2"
54538,1.5972e-18,8.328,63.732,-2.93597596151456,7.72499921875e-18,"ROBO4"
63876,2.2106e-17,1.794,11.964,-2.73744802020009,1.00076461913467e-16,"PKNOX2"
105369550,3.8002e-19,36.815,169.038,-2.19898199638734,1.91358014911884e-18,"FEZ1"
1111,1e-20,9.822,1.713,2.51949167111131,5.48805712878601e-20,"CHEK1"
2313,6.3481e-20,13.168,42.565,-1.69263138956076,3.33758208775655e-19,"FLI1"
3762,3.2223e-16,2.032,10.186,-2.32561531512537,1.3640151965812e-15,"KCNJ5"
8538,7.4034e-16,7.894,1,2.98075651923102,3.06008115356083e-15,"BARX2"
120224,1e-20,56.214,17.271,1.70257785782519,5.48805712878601e-20,"TMEM45B"
11095,1e-20,1.652,35.05,-4.4071288523659,5.48805712878601e-20,"ADAMTS8"
440073,2.4199e-14,1,4.583,-2.19629228571223,9.14416943031536e-14,"IQSEC3"
2305,1e-20,15.166,1.752,3.11376594797804,5.48805712878601e-20,"FOXM1"
894,4.6788e-16,11.975,34.575,-1.52970359541431,1.95750733245729e-15,"CCND2"
10635,1e-20,9.412,2.588,1.86266370323179,5.48805712878601e-20,"RAD51AP1"
7450,8.1414e-15,48.479,240.143,-2.30846191058427,3.17659982142857e-14,"VWF"
2597,1e-20,2165.11,681.808,1.66700289142827,5.48805712878601e-20,"GAPDH"
83461,1e-20,16.92,2.071,3.0303301097868,5.48805712878601e-20,"CDCA3"
2,1.4414e-18,437.492,1695.931,-1.95474893304943,6.98662066115703e-18,"A2M"
160364,4.3466e-14,5.171,25.198,-2.28479401964096,1.61427552407932e-13,"CLEC12A"
51267,6.5019e-19,2.411,12.15,-2.33325275777798,3.22806516596124e-18,"CLEC1A"
4973,1.7789e-17,25.865,172.733,-2.73947063408922,8.10266591048437e-17,"OLR1"
55359,1e-20,7.409,1.39,2.41419395075675,5.48805712878601e-20,"STYK1"
9052,3.5264e-19,185.831,555.332,-1.57935934137037,1.77973e-18,"GPRC5A"
420,9.3581e-11,1,3.942,-1.9789277763814,2.81083523854447e-10,"ART4"
3764,3.5343e-17,8.662,24.715,-1.51261482895957,1.58075344370861e-16,"KCNJ8"
6660,5.7665e-15,1,2.956,-1.56364626948406,2.26463410572687e-14,"SOX5"
56938,1e-20,7.546,2.007,1.91067148344749,5.48805712878601e-20,"ARNTL2"
105369734,8.1465e-13,1,14.15,-3.82273014794452,2.80619853941267e-12,"LINC02471"
120892,1.228e-16,14.189,104.433,-2.87973284305702,5.31942390670554e-16,"LRRK2"
144165,7.5463e-14,1.505,4.931,-1.71211676585405,2.76664563415035e-13,"PRICKLE1"
51303,1e-20,111.483,34.234,1.70332195491446,5.48805712878601e-20,"FKBP11"
10024,1e-20,12.07,1,3.5933537709803,5.48805712878601e-20,"TROAP"
79962,1e-20,3.772,1,1.91532967601301,5.48805712878601e-20,"DNAJC22"
2819,3.7094e-16,1.844,54.668,-4.88978603538449,1.56396893303065e-15,"GPD1"
25840,1e-20,52.469,199.128,-1.92415889789134,5.48805712878601e-20,"METTL7A"
94,1e-20,17.322,105.804,-2.61071675213651,5.48805712878601e-20,"ACVRL1"
113523638,1e-20,4.078,19.821,-2.28109607008183,5.48805712878601e-20,"SMIM41"
144501,1e-20,33.058,5.997,2.46268656669687,5.48805712878601e-20,"KRT80"
23371,3.7881e-19,33.732,103.439,-1.61659046836086,1.90834956374322e-18,"TNS2"
9700,1e-20,4.483,1,2.1644644993886,5.48805712878601e-20,"ESPL1"
53831,1e-20,3.979,1.155,1.78451304739032,5.48805712878601e-20,"GPR84"
5153,7.0937e-13,2.631,7.953,-1.59588792242253,2.45378382585752e-12,"PDE1B"
196410,1e-20,20.301,4.498,2.17419522815291,5.48805712878601e-20,"METTL7B"
51561,1e-20,4.317,1.345,1.68242292001747,5.48805712878601e-20,"IL23A"
8630,1e-20,15.462,159.462,-3.36641382071665,5.48805712878601e-20,"HSD17B6"
1594,1e-20,5.8,1.431,2.01902922817563,5.48805712878601e-20,"CYP27B1"
11197,4.8827e-19,4.745,213.774,-5.49353450024517,2.44376229283629e-18,"WIF1"
253827,1e-20,11.133,45.283,-2.02412713305303,5.48805712878601e-20,"MSRB3"
5787,1.1005e-14,5.293,34.188,-2.69133246841013,4.25296401942084e-14,"PTPRB"
8825,1e-20,1.074,10.382,-3.27301849440642,5.48805712878601e-20,"LIN7A"
79611,1e-20,2.252,10.271,-2.18929791892154,5.48805712878601e-20,"ACSS3"
59277,1e-20,34.621,114.206,-1.72191914553225,5.48805712878601e-20,"NTN4"
55010,1e-20,3.309,1,1.72639529165045,5.48805712878601e-20,"PARPBP"
8437,1e-20,5.18,1,2.37295209791183,5.48805712878601e-20,"RASAL1"
6910,9.4953e-15,5.45,15.991,-1.55293202582545,3.68614790280439e-14,"TBX5"
255480,5.0284e-16,3.122,11.77,-1.9145718779479,2.10022396551724e-15,"TBX5-AS1"
6926,3.8249e-14,4.35,21.936,-2.33421317015577,1.42551080769231e-13,"TBX3"
84900,1e-20,2.888,1,1.53007074222508,5.48805712878601e-20,"RNFT2"
54997,1e-20,69.768,16.442,2.08517967861769,5.48805712878601e-20,"TESC"
26353,1e-20,31.337,122.377,-1.96539346058067,5.48805712878601e-20,"HSPB8"
92558,1e-20,13.576,3.355,2.01667379845512,5.48805712878601e-20,"BICDL1"
5319,2.9906e-17,4.444,74.499,-4.06729033857108,1.34215670962545e-16,"PLA2G1B"
9735,1e-20,9.233,2.566,1.84727831621947,5.48805712878601e-20,"KNTC1"
338442,3.7563e-12,4.036,20.514,-2.34561074904819,1.23512331218649e-11,"HCAR2"
283383,1.3312e-18,10.863,40.497,-1.89839245509185,6.46935333624073e-18,"ADGRD1"
4326,1e-20,5.462,1.201,2.18519316305965,5.48805712878601e-20,"MMP17"
2706,1e-20,21.515,1.197,4.16784778289217,5.48805712878601e-20,"GJB2"
53342,2.5771e-17,1.433,5.057,-1.81924316886514,1.16031975151515e-16,"IL17D"
221150,1e-20,5.364,1,2.42330923724239,5.48805712878601e-20,"SKA3"
6445,2.5218e-19,1,7.808,-2.9649530529008,1.28288876055695e-18,"SGCG"
10810,5.542e-17,1.952,8.461,-2.11587513169525,2.45019944455465e-16,"WASF3"
241,1.0619e-14,76.568,316.779,-2.04866322015997,4.1109198019802e-14,"ALOX5AP"
10129,1e-20,5.7,17.558,-1.62309469506125,5.48805712878601e-20,"FRY"
9365,2.5581e-17,1,8.089,-3.01596136097249,1.15199787229743e-16,"KL"
90627,1e-20,6.073,25.596,-2.07543709721165,5.48805712878601e-20,"STARD13"
400120,3.9169e-16,1,13.505,-3.75542173473424,1.64833743013595e-15,"SERTM1"
4093,4.6696e-14,2.724,10.658,-1.96813812974796,1.72990982712766e-13,"SMAD9"
10631,1e-20,156.078,45.044,1.79286034381977,5.48805712878601e-20,"POSTN"
10186,1e-20,31.21,104.649,-1.7454782632522,5.48805712878601e-20,"LHFPL6"
28984,1e-20,98.433,816.384,-3.05203393759635,5.48805712878601e-20,"RGCC"
1361,1.164e-13,1.346,53.038,-5.30027605909847,4.21753666070558e-13,"CPB2"
55901,1.1508e-15,3.204,15.771,-2.29932808788432,4.70689660488163e-15,"THSD1"
27253,7.2215e-12,5.332,18.37,-1.78460294090974,2.33085547429399e-11,"PCDH17"
1602,1.3086e-20,1.226,10.088,-3.04060929663744,7.13249405722671e-20,"DACH1"
4008,1.3537e-18,79.03,225.379,-1.51188078338568,6.57726442119032e-18,"LMO7"
8796,1.2682e-15,28.414,106.436,-1.90531235087676,5.17283554172767e-15,"SCEL"
1910,5.5711e-20,7.471,110.629,-3.88828444731695,2.93877173254438e-19,"EDNRB"
9071,1e-20,3.88,1,1.9560566524124,5.48805712878601e-20,"CLDN10"
283481,1e-20,1.878,7.135,-1.92571636670935,5.48805712878601e-20,"FGF14-AS2"
100885782,3.8041e-15,1,9.69,-3.27649666564036,1.51099584209588e-14,"MYO16-AS1"
2159,4.5877e-16,3.49,12.647,-1.8574962616791,1.92047464124718e-15,"F10"
2621,1e-20,67.807,237.068,-1.80579481596803,5.48805712878601e-20,"GAS6"
100507747,1e-20,1,9.946,-3.31411643114067,5.48805712878601e-20,"C13orf46"
57447,1e-20,36.011,125.05,-1.7959954897009,5.48805712878601e-20,"NDRG2"
84502,1e-20,1,3.752,-1.90765982785329,5.48805712878601e-20,"JPH4"
196883,6.329e-12,5.153,17.44,-1.75891554251126,2.04901834689134e-11,"ADCY4"
29091,7.8095e-20,1.332,24.336,-4.19142607065323,4.09241303785563e-19,"STXBP6"
112399,1e-20,36.179,6.856,2.3997135173602,5.48805712878601e-20,"EGLN3"
1073,4.3756e-19,14.375,42.669,-1.56962634356225,2.19489077650236e-18,"CFL2"
5083,2.6647e-15,4.479,1,2.16317666619361,1.06678945392491e-14,"PAX9"
6751,2.0827e-11,1.046,10.427,-3.31736937645361,6.53394353885135e-11,"SSTR1"
161198,2.1658e-18,24.526,129.084,-2.39592632340573,1.03938812661499e-17,"CLEC14A"
5427,1e-20,8.072,1.854,2.12228493048083,5.48805712878601e-20,"POLE2"
30001,1e-20,86.225,24.911,1.79132328696954,5.48805712878601e-20,"ERO1A"
1033,1e-20,21.514,2.843,2.91978977928761,5.48805712878601e-20,"CDKN3"
11169,1e-20,5.982,2.007,1.57558729375674,5.48805712878601e-20,"WDHD1"
9787,1e-20,11.758,1,3.55557077789617,5.48805712878601e-20,"DLGAP5"
6252,1.9749e-20,6.411,23.336,-1.86393597751721,1.06521288238141e-19,"RTN1"
6495,1e-20,13.31,1.954,2.76800819883087,5.48805712878601e-20,"SIX1"
51804,1e-20,6.392,1.202,2.41083051221679,5.48805712878601e-20,"SIX4"
57381,1.2747e-19,6.904,26.142,-1.92086514945737,6.59912634146342e-19,"RHOJ"
6710,1e-20,2.96,1,1.56559717585423,5.48805712878601e-20,"SPTB"
2877,1e-20,12.614,2.549,2.30702255984894,5.48805712878601e-20,"GPX2"
26499,1e-20,24.041,4.302,2.48241747720026,5.48805712878601e-20,"PLEK2"
57156,1e-20,2.894,1,1.53306492186964,5.48805712878601e-20,"TMEM63C"
1734,3.704e-18,3.312,1,1.72770267283724,1.74933350286078e-17,"DIO2"
11099,1e-20,6.288,35.655,-2.50343128129235,5.48805712878601e-20,"AL162171.1"
10516,1.0253e-18,33.95,151.813,-2.16081185683935,5.03544757602468e-18,"FBLN5"
161176,5.1844e-17,2.672,10.484,-1.97219734585437,2.29483064150943e-16,"SYNE3"
56967,1e-20,5.06,37.255,-2.88022477288813,5.48805712878601e-20,"C14orf132"
2009,2.9149e-19,6.187,22.1,-1.83673443055252,1.4774704639527e-18,"EML1"
26153,5.2503e-11,1.016,4.401,-2.11493096962238,1.60556306394072e-10,"KIF26A"
113146,1e-20,9.524,2.709,1.81380722706832,5.48805712878601e-20,"AHNAK2"
9824,1e-20,5.287,1.598,1.72618191845296,5.48805712878601e-20,"ARHGAP11A"
6447,1e-20,10.407,1.848,2.49351758459148,5.48805712878601e-20,"SCG5"
26585,1e-20,10.666,1,3.41494732802091,5.48805712878601e-20,"GREM1"
701,1e-20,6.678,1,2.73941609340103,5.48805712878601e-20,"BUB1B"
5888,1e-20,6.437,1.319,2.28694390425817,5.48805712878601e-20,"RAD51"
54866,1e-20,12.758,1,3.67333027851733,5.48805712878601e-20,"PPP1R14D"
171177,1e-20,18.302,2.475,2.88650088117829,5.48805712878601e-20,"RHOV"
3706,1e-20,6.287,1,2.65237176311637,5.48805712878601e-20,"ITPKA"
255189,1.1641e-19,3.535,42.092,-3.57376394076784,6.04058130384168e-19,"PLA2G4F"
57519,3.0435e-12,1.271,5.368,-2.07842064119522,1.00743330610426e-11,"STARD9"
84978,1e-20,3.315,1,1.72900887033786,5.48805712878601e-20,"FRMD5"
90527,1e-20,7.292,43.22,-2.56731260570774,5.48805712878601e-20,"DUOXA1"
53905,1e-20,10.847,108.892,-3.32752997628512,5.48805712878601e-20,"DUOX1"
84419,1e-20,35.175,5.46,2.68757756720404,5.48805712878601e-20,"C15orf48"
80031,3.2489e-15,1.582,11.563,-2.86969424616932,1.29531725044723e-14,"SEMA6D"
9728,2.7515e-14,22.837,73.674,-1.68978243092728,1.03568114338794e-13,"SECISBP2L"
342035,6.1312e-16,2.269,16.713,-2.8808422077054,2.54746559284116e-15,"GLDN"
84952,1e-20,10.976,60.355,-2.45912090674969,5.48805712878601e-20,"CGNL1"
100820829,3.2981e-16,1.139,13.72,-3.59044082935206,1.39451251565168e-15,"MYZAP"
145781,1.7799e-14,1,6.29,-2.65306001710456,6.78560234348272e-14,"GCOM1"
9133,1e-20,29.819,3.256,3.19505927197795,5.48805712878601e-20,"CCNB2"
9245,1e-20,8.983,1,3.16719733386726,5.48805712878601e-20,"GCNT3"
145741,1e-20,5.402,1,2.43349363984688,5.48805712878601e-20,"C2CD4A"
23604,5.0824e-19,11.867,56.252,-2.24494912619849,2.54142806371999e-18,"DAPK2"
79856,3.4141e-17,2.03,10.342,-2.34896357741085,1.52914080988746e-16,"SNX22"
9768,1e-20,6.165,1,2.62410089462811,5.48805712878601e-20,"PCLAF"
80119,1e-20,3.037,1,1.60264690850537,5.48805712878601e-20,"PIF1"
51285,1.8978e-15,10.93,32.278,-1.56225778852682,7.65820543183053e-15,"RASL12"
8483,1e-20,3.882,1.129,1.78175463194066,5.48805712878601e-20,"CILP"
22801,1e-20,6.454,1.022,2.65879838154932,5.48805712878601e-20,"ITGA11"
10391,7.7919e-15,1.744,9.607,-2.46168594751032,3.04183001050972e-14,"CORO2B"
54852,1e-20,3.157,11.822,-1.90484795993791,5.48805712878601e-20,"PAQR5"
9493,1e-20,10.811,2.025,2.41650616309082,5.48805712878601e-20,"AC027237.1"
196996,2.0587e-15,12.678,37.763,-1.57464620793846,8.29697050632911e-15,"GRAMD2A"
64220,1e-20,6.236,1,2.6406209280357,5.48805712878601e-20,"STRA6"
161753,1.526e-12,1,5.154,-2.36569253719753,5.16241074681239e-12,"ODF3L1"
79834,5.7487e-18,11.342,38.4,-1.75943124953153,2.68710731753356e-17,"PEAK1"
5923,3.0396e-20,2.689,25.046,-3.21943855423664,1.62454592805755e-19,"RASGRF1"
100996492,8.6253e-12,1,3.561,-1.83228243570098,2.77191147945205e-11,"CTXND1"
57214,5.302e-17,12.656,4.418,1.51835618111752,2.34595342465753e-16,"CEMIP"
6457,1e-20,1,6.954,-2.79784306706554,5.48805712878601e-20,"SH3GL3"
57188,4.5063e-19,1.63,10.745,-2.72072161319671,2.25841934112885e-18,"ADAMTSL3"
55215,1e-20,12.024,3.277,1.8754693363736,5.48805712878601e-20,"FANCI"
55897,1e-20,6.673,1.744,1.93593546373609,5.48805712878601e-20,"MESP1"
10509,1e-20,118.933,39.065,1.60620055180076,5.48805712878601e-20,"SEMA4B"
641,1e-20,2.918,1,1.5449798832558,5.48805712878601e-20,"BLM"
400456,1.2172e-18,1,4.337,-2.11669744320102,5.9373465528562e-18,"LINC01197"
23336,3.7116e-17,3.454,13.911,-2.00988614456676,1.65672800320449e-16,"SYNM"
9028,1e-20,6.529,1,2.70686204146254,5.48805712878601e-20,"RHBDL1"
63922,1e-20,12.377,3.869,1.67762903529396,5.48805712878601e-20,"CHTF18"
7177,1.0605e-14,22.968,92.509,-2.00996849347114,4.10621325573315e-14,"TPSAB1"
79652,1.6073e-13,22.427,74.058,-1.72341894095374,5.78799403780901e-13,"TMEM204"
25837,1e-20,3.575,1,1.83794324189103,5.48805712878601e-20,"RAB26"
21,1.9097e-20,63.768,410.569,-2.68672016213818,1.03154347794474e-19,"ABCA3"
899,1e-20,9.084,2.512,1.85449124181526,5.48805712878601e-20,"CCNF"
80178,1e-20,8.413,1,3.07262034427981,5.48805712878601e-20,"TEDC2"
9088,1e-20,11.18,1.301,3.10322732101276,5.48805712878601e-20,"PKMYT1"
4210,1.4157e-11,1,3.126,-1.64431777833758,4.4932648675591e-11,"MEFV"
440335,1e-20,35.6,9.175,1.95609717812319,5.48805712878601e-20,"SMIM22"
106144584,3.445e-13,1,5.215,-2.38266725274504,1.21851634661165e-12,"LINC01290"
2013,1e-20,89.61,639.091,-2.83428972728514,5.48805712878601e-20,"EMP2"
116028,1e-20,26.308,5.142,2.35510006010077,5.48805712878601e-20,"RMI2"
608,1e-20,6.564,1.858,1.82082473713106,5.48805712878601e-20,"TNFRSF17"
4629,1.4869e-11,21.662,98.376,-2.18313994617155,4.71186411204322e-11,"MYH11"
5347,1e-20,20.148,2.206,3.1911319400668,5.48805712878601e-20,"PLK1"
388228,1e-20,12.977,2.764,2.23112738134542,5.48805712878601e-20,"SBK1"
55911,3.5427e-15,9.709,33.915,-1.80452887797884,1.4099313375e-14,"APOBR"
6693,1.123e-19,7.036,37.15,-2.40053482284136,5.83546304499883e-19,"SPN"
253982,1e-20,8.411,1.719,2.29070779065554,5.48805712878601e-20,"ASPHD1"
79801,1e-20,4.977,1,2.31527638701493,5.48805712878601e-20,"SHCBP1"
23594,1e-20,10.131,1.17,3.11419615025787,5.48805712878601e-20,"ORC6"
84706,1e-20,27.096,4.049,2.7424423438177,5.48805712878601e-20,"GPT2"
23090,4.5016e-15,1,3.846,-1.94335876267781,1.78106087697497e-14,"ZNF423"
27324,1e-20,11.41,1.868,2.61073243146638,5.48805712878601e-20,"TOX3"
1066,4.6676e-11,50.126,413.177,-3.04312892872578,1.43051156765677e-10,"CES1"
51090,1e-20,37.354,137.729,-1.88249771769262,5.48805712878601e-20,"PLLP"
65009,2.1681e-12,4.249,24.91,-2.55152977281491,7.25641157831506e-12,"NDRG4"
1003,2.0727e-20,24.943,168.746,-2.7581464047981,1.11607308287026e-19,"CDH5"
146227,1e-20,5.527,1,2.46649661255207,5.48805712878601e-20,"BEAN1"
146225,8.6301e-11,1,3.3,-1.72246602447109,2.59671984204131e-10,"CMTM2"
3299,1e-20,15.634,4.939,1.66239606905535,5.48805712878601e-20,"HSF4"
55282,1.4967e-15,1.563,24.853,-3.99103032624041,6.07926971022417e-15,"LRRC36"
181,5.303e-14,1.36,15.556,-3.51579258329651,1.95999935323383e-13,"AGRP"
64174,1e-20,4.61,23.205,-2.33159704174085,5.48805712878601e-20,"DPEP2"
1001,1e-20,51.709,7.825,2.72425274766358,5.48805712878601e-20,"CDH3"
1728,1e-20,128.566,26.399,2.28395397818618,5.48805712878601e-20,"NQO1"
79152,1e-20,16.239,4.733,1.77863596669743,5.48805712878601e-20,"FA2H"
1012,7.4675e-14,1.376,6.98,-2.34274656639492,2.73910751316656e-13,"CDH13"
58189,1.7214e-14,7.41,32.161,-2.11776681809609,6.5693222260274e-14,"WFDC1"
51659,1e-20,9.085,1.351,2.74945883979579,5.48805712878601e-20,"GINS2"
400550,1.157e-16,2.002,53.022,-4.72707721067839,5.0226059602649e-16,"FENDRR"
2294,2.1098e-16,4.934,33.802,-2.77627898980171,9.01478385736196e-16,"FOXF1"
8140,1e-20,44.68,8.737,2.3544192902389,5.48805712878601e-20,"SLC7A5"
81620,1e-20,12.94,2.026,2.67513153807873,5.48805712878601e-20,"CDT1"
27132,1e-20,4.846,1,2.27679440478926,5.48805712878601e-20,"CPNE7"
100128881,1e-20,3.665,1,1.87381319835909,5.48805712878601e-20,"VPS9D1-AS1"
2175,1e-20,6.728,1.833,1.87597091971526,5.48805712878601e-20,"FANCA"
79007,1e-20,37.339,9.56,1.96560076701033,5.48805712878601e-20,"DBNDD1"
146760,1.3239e-11,1.558,6.063,-1.96033658903922,4.21209982869379e-11,"RTN4RL1"
443,5.9888e-20,1,5.606,-2.48697174437041,3.15313927710843e-19,"ASPA"
342527,1.2306e-11,1,4.569,-2.19187844254636,3.92703067010309e-11,"SMTNL2"
400568,1e-20,1,7.457,-2.89859534152415,5.48805712878601e-20,"LINC01996"
388325,1.1951e-18,5.797,18.736,-1.6924345902267,5.83593201139351e-18,"SCIMP"
54478,1e-20,6.16,1,2.62293035092018,5.48805712878601e-20,"PIMREG"
84817,1e-20,85.055,27.444,1.63190527633557,5.48805712878601e-20,"TXNDC17"
255877,1.1287e-13,8.706,29.418,-1.75661724221894,4.09362683482506e-13,"BCL6B"
162515,3.3635e-18,1.993,9.852,-2.3054749176599,1.593925675101e-17,"SLC16A11"
51087,1e-20,3.219,1,1.68661257681559,5.48805712878601e-20,"YBX2"
482,2.975e-14,1.459,5.602,-1.94096210015662,1.11660197036039e-13,"ATP1B2"
92162,5.5559e-17,5.829,26.261,-2.1716015473097,2.45585766164221e-16,"TMEM88"
9212,1e-20,22.762,2.22,3.3579957449949,5.48805712878601e-20,"AURKB"
22899,3.1311e-16,4.938,30.419,-2.62297398481706,1.32641751948299e-15,"ARHGEF15"
4628,5.4247e-13,30.151,99.28,-1.71929726355465,1.89320840745381e-12,"MYH10"
9912,1e-20,9.732,35.338,-1.86041216561171,5.48805712878601e-20,"ARHGAP44"
51393,1.0746e-18,17.374,61.679,-1.82784943242741,5.27060083626761e-18,"TRPV2"
4239,5.9929e-19,76.537,597.424,-2.96452593714,2.98000362115127e-18,"MFAP4"
10615,1e-20,15.319,1.663,3.20346204975689,5.48805712878601e-20,"SPAG5"
116238,1e-20,43.802,14.087,1.6366323401125,5.48805712878601e-20,"TLCD1"
105371730,1e-20,2.136,11.012,-2.36609296290801,5.48805712878601e-20,"AC116407.1"
8851,1e-20,3.228,1.129,1.51559509250478,5.48805712878601e-20,"CDK5R1"
146857,1e-20,12.846,3.802,1.75648876445811,5.48805712878601e-20,"SLFN13"
79148,6.7119e-20,12.858,73.888,-2.52267382237641,3.525527110535e-19,"MMP28"
6368,2.5205e-17,3.117,21.172,-2.76392749900951,1.13598348837209e-16,"CCL23"
80179,1e-20,32.066,10.889,1.55817293021409,5.48805712878601e-20,"MYO19"
80725,1e-20,4.345,1.205,1.85032303058444,5.48805712878601e-20,"SRCIN1"
55876,1e-20,39.027,11.917,1.71145147156271,5.48805712878601e-20,"GSDMB"
990,1e-20,9.964,1,3.31672502157875,5.48805712878601e-20,"CDC6"
7153,1e-20,44.413,3.223,3.78450593194812,5.48805712878601e-20,"TOP2A"
84951,1e-20,5.231,1.089,2.26408281596109,5.48805712878601e-20,"TNS4"
10609,1e-20,38.467,9.9,1.95812088948068,5.48805712878601e-20,"P3H4"
60681,1e-20,101.426,33.755,1.58725440268457,5.48805712878601e-20,"FKBP10"
2648,1e-20,48.515,15.386,1.65681265920002,5.48805712878601e-20,"KAT2A"
284119,1e-20,116.877,542.825,-2.21549611350561,5.48805712878601e-20,"CAVIN1"
10266,6.9531e-20,34.608,265.63,-2.94024061696948,3.64878125029433e-19,"RAMP2"
8639,1e-20,30.413,216.532,-2.83182020931899,5.48805712878601e-20,"AOC3"
2118,1e-20,43.2,3.239,3.73741093914301,5.48805712878601e-20,"ETV4"
146894,2.0461e-12,1,26.139,-4.70813204387698,6.86148520914836e-12,"CD300LG"
51751,6.6913e-17,5.827,43.069,-2.88582461087478,2.94663116182573e-16,"HIGD1B"
146909,1e-20,6.2,1,2.63226821549951,5.48805712878601e-20,"KIF18B"
80279,1e-20,8.013,2.153,1.89599415718903,5.48805712878601e-20,"CDK5RAP3"
11248,5.7303e-16,1,5.293,-2.40408565397279,2.38578733607323e-15,"NXPH3"
6442,3.6403e-17,6.285,29.951,-2.25261952256971,1.62620497294047e-16,"SGCA"
1277,1e-20,835.327,106.885,2.96628166786063,5.48805712878601e-20,"COL1A1"
55040,1e-20,9.485,1.02,3.21707862143998,5.48805712878601e-20,"EPN3"
8714,1e-20,117.25,21.094,2.47468332207062,5.48805712878601e-20,"ABCC3"
4830,1e-20,50.198,9.782,2.35942851535262,5.48805712878601e-20,"NME1"
3131,2.9305e-15,5.566,23.632,-2.08602891743318,1.17130655487805e-14,"HLF"
55273,1.7723e-12,4.813,154.982,-5.0090204334637,5.96305104166667e-12,"TMEM100"
5414,1.6554e-17,8.895,25.51,-1.51999638833531,7.55248716479017e-17,"SEPT4"
55771,1e-20,5,1.229,2.02444317917679,5.48805712878601e-20,"PRR11"
762,5.7982e-18,1,48.791,-5.60854314733057,2.7090546866485e-17,"CA4"
103689912,5.6001e-18,2.548,11.981,-2.2333111456896,2.61874588124213e-17,"TBX2-AS1"
6909,1.4259e-13,14.828,57.424,-1.95332980799692,5.14890364549579e-13,"TBX2"
9496,3.2039e-18,5.772,30.416,-2.39768723215735,1.51990888250319e-17,"TBX4"
1636,1.8623e-18,17.627,67.697,-1.94130494372826,8.97989617048897e-18,"ACE"
5175,1e-20,64.328,329.325,-2.35599329503269,5.48805712878601e-20,"PECAM1"
3838,1e-20,110.669,28.174,1.97381484899082,5.48805712878601e-20,"KPNA2"
10351,1e-20,2.385,28.061,-3.5565052513469,5.48805712878601e-20,"ABCA8"
100499467,1e-20,23.252,2.357,3.30233114998172,5.48805712878601e-20,"LINC00511"
10871,1.1535e-18,4.986,19.924,-1.99855252818109,5.64391975850714e-18,"CD300C"
146722,2.2228e-16,10.257,38.467,-1.90701249118046,9.48306730474732e-16,"CD300LF"
102723641,3.3691e-14,1,2.856,-1.51399597936701,1.25942857598121e-13,"HID1-AS1"
51155,1e-20,225.846,70.309,1.68355808177568,5.48805712878601e-20,"JPT1"
57513,6.5866e-15,17.512,53.741,-1.61767930730235,2.57898022136332e-14,"CASKIN2"
10610,1.3523e-20,3.127,11.938,-1.93271003452476,7.35808352050781e-20,"ST6GALNAC2"
55808,1e-20,54.666,14.041,1.96099812702004,5.48805712878601e-20,"ST6GALNAC1"
7083,1e-20,89.076,13.422,2.73043711244482,5.48805712878601e-20,"TK1"
332,1e-20,32.546,2.457,3.72751047997076,5.48805712878601e-20,"BIRC5"
84733,1e-20,8.434,2.329,1.85650638206827,5.48805712878601e-20,"CBX2"
79092,1e-20,3.118,1,1.6406209280357,5.48805712878601e-20,"CARD14"
9625,4.3873e-19,2.889,19.334,-2.74249803775104,2.20026451620162e-18,"AATK"
1468,1e-20,9.333,2.111,2.14441431690838,5.48805712878601e-20,"SLC25A10"
5831,1e-20,99.416,7.214,3.78460672941521,5.48805712878601e-20,"PYCR1"
5881,1e-20,26.218,6.456,2.0218451522458,5.48805712878601e-20,"RAC3"
81035,1e-20,15.265,57.55,-1.91458833881281,5.48805712878601e-20,"COLEC12"
10403,1e-20,11.222,1.375,3.0288262941707,5.48805712878601e-20,"NDC80"
5797,1.2891e-20,23.398,73.433,-1.65004332314517,7.02964807927575e-20,"PTPRM"
84617,4.9675e-17,51.802,148.778,-1.52208150452958,2.20275910266614e-16,"TUBB6"
100128893,9.3277e-18,1,4.128,-2.04544297076117,4.31478725404732e-17,"GATA6-AS1"
2627,1e-20,5.219,24.472,-2.22928670493768,5.48805712878601e-20,"GATA6"
147463,1e-20,7.914,57.278,-2.85550214786927,5.48805712878601e-20,"ANKRD29"
26256,1e-20,5.133,1,2.35980226054848,5.48805712878601e-20,"CABYR"
361,1e-20,20.674,299.547,-3.85689293167334,5.48805712878601e-20,"AQP4"
6563,3.9318e-11,1,7.365,-2.88068552526112,1.21033185911602e-10,"SLC14A1"
220134,1e-20,3.99,1,1.99638874644762,5.48805712878601e-20,"SKA1"
147372,4.2966e-15,1.188,12.448,-3.38930722418543,1.70176513595166e-14,"CCBE1"
8612,1e-20,160.066,21.239,2.91387914794859,5.48805712878601e-20,"PLPP2"
1675,4.1319e-20,33.321,219.098,-2.71707271164735,2.19517652681764e-19,"CFD"
92840,1e-20,24.428,7.836,1.64034644757566,5.48805712878601e-20,"REEP6"
8698,5.4972e-18,8.428,27.395,-1.70065038437604,2.5711667660021e-17,"S1PR4"
29128,1e-20,8.428,1,3.07519031415522,5.48805712878601e-20,"UHRF1"
257000,1.5126e-17,1,7.87,-2.97636363573276,6.91797993022779e-17,"TINCR"
2525,1e-20,27.673,5.861,2.23926031098589,5.48805712878601e-20,"FUT3"
2015,6.209e-12,1.16,9.044,-2.96283618673659,2.0113369622093e-11,"ADGRE1"
56729,1.6478e-13,3.208,61.537,-4.26170806542669,5.9290472392638e-13,"RETN"
199675,1.6415e-17,5.11,186.26,-5.18785078224366,7.49060411547911e-17,"MCEMP1"
80164,1e-20,13.562,3.633,1.9003366787967,5.48805712878601e-20,"PRR36"
256949,2.1413e-18,2.651,20.168,-2.92745944799128,1.02807309564843e-17,"KANK3"
84106,2.7026e-13,4.948,23,-2.21671645574273,9.62339769931299e-13,"PRAM1"
147841,1e-20,10.111,1.62,2.64185997176772,5.48805712878601e-20,"SPC24"
25959,1.8789e-20,38.883,121.793,-1.64721977852985,1.01613793496724e-19,"KANK2"
1264,5.0974e-11,14.378,48.254,-1.74678553025848,1.55966163920923e-10,"CNN1"
54,4.4591e-13,145.056,463.008,-1.67442714959707,1.56701295648061e-12,"ACP5"
4784,1e-20,27.35,96.269,-1.81553047131978,5.48805712878601e-20,"NFIX"
79883,1e-20,6.799,1.524,2.15745966689471,5.48805712878601e-20,"PODNL1"
55723,1e-20,25.545,4.596,2.47459023264095,5.48805712878601e-20,"ASF1B"
84658,2.2531e-11,1,6.214,-2.63552224145975,7.0585942788867e-11,"ADGRE3"
79852,1e-20,23.749,5.367,2.14567897388674,5.48805712878601e-20,"EPHX3"
84941,1e-20,25.664,8.628,1.57264796529447,5.48805712878601e-20,"HSH2D"
10365,7.2682e-11,16.646,61.505,-1.88552815571009,2.20060281755196e-10,"KLF2"
27151,6.5767e-20,8.903,47.017,-2.40081902735781,3.45532562234795e-19,"CPAMD8"
83878,2.5094e-15,1.361,7.592,-2.47981292551711,1.00624321338611e-14,"USHBP1"
10331,1e-20,35.177,1.435,4.61550980868503,5.48805712878601e-20,"B3GNT3"
100422943,1.1691e-17,4.306,1.232,1.80534606347233,5.38452814631122e-17,"MIR3189"
25789,4.9351e-16,4.433,1.343,1.72282405773782,2.06241465779111e-15,"AC003112.1"
1311,1e-20,19.909,2.476,3.00733753874807,5.48805712878601e-20,"COMP"
148113,1e-20,4.529,1,2.17919253938802,5.48805712878601e-20,"CILP2"
898,1e-20,7.466,1.175,2.66767475185071,5.48805712878601e-20,"CCNE1"
163175,5.5078e-15,1.602,5.189,-1.69558238813004,2.16532613512083e-14,"LGI4"
126393,2.7019e-16,1.902,16.508,-3.11757619214647,1.147432265625e-15,"HSPB6"
284403,1e-20,5.33,1.248,2.09451759878429,5.48805712878601e-20,"WDR62"
1346,3.0662e-16,30.327,116.349,-1.93978411486571,1.29917109125475e-15,"COX7A1"
100506930,1e-20,35.312,8.372,2.0765143180239,5.48805712878601e-20,"LINC00665"
94274,5.0142e-16,29.772,129.217,-2.11776783966231,2.09468557450797e-15,"PPP1R14A"
115727,1e-20,2.268,9.625,-2.08536590041476,5.48805712878601e-20,"RASGRP4"
147968,1e-20,4.713,1.38,1.77197741434982,5.48805712878601e-20,"CAPN12"
57716,2.449e-15,4.648,63.383,-3.76941397211774,9.82851082102989e-15,"PRX"
8425,2.6731e-16,41.843,191.431,-2.19376627953804,1.13541794739851e-15,"LTBP4"
100505495,2.628e-19,3.57,20.564,-2.52612493783387,1.33569523375143e-18,"PCAT19"
90273,1.0808e-13,3.94,13.558,-1.78287684110699,3.92565019556715e-13,"CEACAM21"
1048,1e-20,153.965,10.68,3.84961887628017,5.48805712878601e-20,"CEACAM5"
5050,1e-20,61.759,13.858,2.15593033136656,5.48805712878601e-20,"PAFAH1B3"
84518,1e-20,7.534,1.673,2.17097858790904,5.48805712878601e-20,"CNFN"
634,1e-20,32.633,8.549,1.93250404363673,5.48805712878601e-20,"CEACAM1"
27076,1e-20,9.334,2.499,1.90114456587744,5.48805712878601e-20,"LYPD3"
3783,1e-20,51.538,5.809,3.14927481763062,5.48805712878601e-20,"KCNN4"
23624,1e-20,27.239,3.563,2.93450935142095,5.48805712878601e-20,"CBLC"
3171,1e-20,4.578,1,2.1947174628936,5.48805712878601e-20,"FOXA3"
4858,1.2394e-16,1.082,6.221,-2.52344600708842,5.36671999222848e-16,"NOVA2"
147920,1e-20,3.346,1,1.74243744537627,5.48805712878601e-20,"IGFL2"
728,6.2474e-16,23.779,94.765,-1.9946662748128,2.59332843732539e-15,"C5AR1"
2524,1e-20,15.15,1.439,3.39617929650738,5.48805712878601e-20,"FUT2"
54922,1.6953e-20,6.674,38.184,-2.51634464986988,9.17735027932961e-20,"RASIP1"
23645,2.0163e-12,77.869,252.932,-1.69962856857536,6.7646060665362e-12,"PPP1R15A"
259307,1e-20,15.582,4.665,1.73993143366044,5.48805712878601e-20,"IL4I1"
91663,2.6182e-12,70.554,238.723,-1.75853778833312,8.71182791878173e-12,"MYADM"
126014,1.2463e-15,13.207,61.116,-2.21024733072013,5.08536948004394e-15,"OSCAR"
353514,2.6208e-16,5.024,22.214,-2.1445608281609,1.11341535646207e-15,"LILRA5"
7138,1e-20,16.208,3.723,2.12216855794963,5.48805712878601e-20,"TNNT1"
5794,1e-20,6.766,1,2.7583031771319,5.48805712878601e-20,"AC010327.1"
284417,3.5443e-16,6.626,27.636,-2.06033870843299,1.49605708522727e-15,"TMEM150B"
110806301,1e-20,3.927,1,1.97342759800431,5.48805712878601e-20,"LINC02560"
51378,5.4755e-12,1,3.453,-1.7878503341913,1.78097589754816e-11,"ANGPT4"
343637,7.6608e-12,1,8.396,-3.06970216663007,2.46942796644489e-11,"RSPO4"
10326,2.5556e-17,2.303,19.026,-3.04638596703215,1.15110463217462e-16,"SIRPB1"
55423,1e-20,5.265,1.603,1.71565910575853,5.48805712878601e-20,"SIRPG"
56265,1e-20,11.002,2.468,2.15635150849591,5.48805712878601e-20,"CPXM1"
83959,1e-20,5.402,1.845,1.54987282356121,5.48805712878601e-20,"SLC4A11"
6614,5.2869e-14,9.487,27.23,-1.5211731301037,1.95469708526875e-13,"SIGLEC1"
116835,1.762e-16,4.169,28.491,-2.77273298216071,7.57079120879121e-16,"HSPA12B"
55612,1e-20,12.934,1.467,3.14022773937449,5.48805712878601e-20,"FERMT1"
650,7.6319e-12,12.282,49.998,-2.02532487773642,2.46046803558513e-11,"BMP2"
24141,1e-20,6.029,2.097,1.52359186794117,5.48805712878601e-20,"LAMP5"
23767,1.3682e-17,16.926,73.875,-2.12584515353289,6.27171398601399e-17,"FLRT3"
7056,8.9163e-15,20.343,124.097,-2.60886388376354,3.46923146124302e-14,"THBD"
22918,2.102e-17,29.259,147.32,-2.33200093465443,9.53149013224822e-17,"CD93"
1470,2.2692e-12,3.92,1,1.97085365434048,7.58339487179487e-12,"CST2"
92086,2.4061e-11,11.814,90.81,-2.94235365881332,7.51994821203197e-11,"GGTLC1"
9837,1e-20,9.886,1.328,2.89613175979285,5.48805712878601e-20,"GINS1"
28954,4.3927e-13,1.164,3.895,-1.74253227004075,1.54416569242902e-12,"REM1"
84701,1.8378e-18,11.587,63.777,-2.46052915110229,8.86559493506494e-18,"COX4I2"
22974,1e-20,32.463,2.839,3.51534157550549,5.48805712878601e-20,"TPX2"
140706,4.6788e-17,1.298,7.863,-2.59878947105044,2.07887590909091e-16,"CCM2L"
6676,1e-20,22.599,3.062,2.88371274721402,5.48805712878601e-20,"SPAG4"
10398,1e-20,121.918,436.661,-1.84060254231821,5.48805712878601e-20,"MYL9"
128434,1e-20,61.651,17.667,1.8030672164587,5.48805712878601e-20,"VSTM2L"
343578,1e-20,6.438,1,2.68661257681559,5.48805712878601e-20,"ARHGAP40"
81610,1e-20,13.471,2.309,2.54451687290899,5.48805712878601e-20,"FAM83D"
4605,1e-20,36.888,1.933,4.25423802820069,5.48805712878601e-20,"MYBL2"
84969,1.3929e-16,5.54,21.263,-1.94038727991198,6.01269848925044e-16,"TOX2"
8839,3.1781e-13,14.852,74.822,-2.3328053094904,1.12751217287488e-12,"CCN5"
80336,1e-20,27.313,6.06,2.17219808645382,5.48805712878601e-20,"PABPC1L"
10406,1e-20,1263.385,403.584,1.64635346314951,5.48805712878601e-20,"WFDC2"
140686,1e-20,12.232,1.567,2.96458322688822,5.48805712878601e-20,"WFDC3"
11065,1e-20,100.058,6.085,4.03943544739192,5.48805712878601e-20,"UBE2C"
4318,1e-20,41.914,8.825,2.24776402598906,5.48805712878601e-20,"MMP9"
284751,1e-20,3.037,1,1.60264690850537,5.48805712878601e-20,"LINC01270"
1591,1.8152e-16,15.218,1,3.92770686242283,7.79036441363374e-16,"CYP24A1"
6790,1e-20,22.041,3.841,2.52063581147523,5.48805712878601e-20,"AURKA"
57091,2.3743e-14,4.432,17.742,-2.00113886279229,8.97794776043434e-14,"CASS4"
140893,1e-20,4.182,1.126,1.89298623450935,5.48805712878601e-20,"RBBP8NL"
63910,1e-20,12.289,2.735,2.16775478508719,5.48805712878601e-20,"SLC17A9"
1917,1e-20,14.147,1,3.82242424377525,5.48805712878601e-20,"EEF1A2"
693232,1e-20,11.721,3.812,1.62047563699489,5.48805712878601e-20,"MIR647"
140700,1e-20,14.058,4.398,1.67647185072932,5.48805712878601e-20,"SAMD10"
58494,1e-20,6.293,38.096,-2.59781967769828,5.48805712878601e-20,"JAM2"
116159,3.1604e-18,8.806,39.28,-2.15723618026516,1.4999113032368e-17,"CYYR1"
9510,2.4454e-11,14.236,81.548,-2.51810565669032,7.63849051156272e-11,"ADAMTS1"
1827,2.4657e-11,36.694,110.084,-1.58498871176266,7.69974161412358e-11,"RCAN1"
100506385,1e-20,7.199,1.234,2.54445412384021,5.48805712878601e-20,"LINC01426"
8208,1e-20,6.248,1.833,1.76918766760209,5.48805712878601e-20,"CHAF1B"
3772,2.2506e-16,7.882,36.313,-2.20385246878398,9.5961588291563e-16,"KCNJ15"
2078,1.158e-18,8.904,40.594,-2.18874100769856,5.66394002633311e-18,"ERG"
5121,1.2482e-16,8.238,1.026,3.0052633952612,5.40272546125461e-16,"PCP4"
104,1.322e-15,11.594,40.6,-1.80810133668539,5.38538000365564e-15,"ADARB1"
503637,1e-20,4.912,1.103,2.1548777697788,5.48805712878601e-20,"DUXAP8"
26220,1e-20,3.792,1,1.92295896423617,5.48805712878601e-20,"DGCR9"
8318,1e-20,10.97,1.231,3.1556608588061,5.48805712878601e-20,"CDC45"
7122,5.4213e-14,23.262,187.607,-3.01166661271797,2.00139991883386e-13,"CLDN5"
23532,1.0969e-16,3.018,1,1.5935928058646,4.76635022421525e-16,"PRAME"
100423062,1e-20,3.36,1,1.74846123300404,5.48805712878601e-20,"IGLL5"
4320,3.8431e-18,54.06,1.645,5.03840202279945,1.81233960431655e-17,"MMP11"
91319,1e-20,7.543,1.774,2.08813241628548,5.48805712878601e-20,"DERL3"
56241,1e-20,51.422,591.434,-3.52375955426953,5.48805712878601e-20,"SUSD2"
284904,8.7501e-11,2.558,10.664,-2.05966051620734,2.63140573067063e-10,"SEC14L4"
730005,1e-20,2.442,18.106,-2.89033275407152,5.48805712878601e-20,"SEC14L6"
7078,3.868e-17,210.208,980.794,-2.22213257760605,1.7237775644871e-16,"TIMP3"
4151,1e-20,12.372,1.022,3.59761163715164,5.48805712878601e-20,"MB"
114904,1e-20,22.397,5.276,2.08578903155508,5.48805712878601e-20,"C1QTNF6"
4242,1e-20,18.424,55.862,-1.60028091040757,5.48805712878601e-20,"MFNG"
80115,1e-20,3.147,1,1.65397717863634,5.48805712878601e-20,"BAIAP2L2"
11015,1e-20,88.071,19.015,2.21152910805846,5.48805712878601e-20,"KDELR3"
9582,1e-20,5.094,1.506,1.75807718960227,5.48805712878601e-20,"APOBEC3B"
23492,1e-20,13.648,45.504,-1.73730381830112,5.48805712878601e-20,"CBX7"
5155,5.6283e-11,15.558,45.075,-1.53467087963262,1.71691653572406e-10,"PDGFB"
4248,1e-20,2.037,33.628,-4.04514509279735,5.48805712878601e-20,"MGAT3"
79019,1e-20,20.145,5.841,1.78613451559451,5.48805712878601e-20,"CENPM"
638,1e-20,15.009,4.035,1.89518727954872,5.48805712878601e-20,"BIK"
80274,5.8551e-18,1,10.224,-3.35388783628491,2.73340204650189e-17,"SCUBE1"
51512,1e-20,7.633,1,2.9322501913294,5.48805712878601e-20,"GTSE1"
56666,1e-20,9.008,2.44,1.88432567962998,5.48805712878601e-20,"PANX2"
79924,1e-20,8.61,1,3.10601323762212,5.48805712878601e-20,"ADM2"
8908,1e-20,8.758,1.7,2.36506670342759,5.48805712878601e-20,"GYG2"
3730,2.9865e-19,10.232,83.84,-3.03455054754318,1.512730125e-18,"ANOS1"
395,1e-20,1.926,11.896,-2.62679694420896,5.48805712878601e-20,"ARHGAP6"
51311,6.734e-14,3.521,14.247,-2.01660102971636,2.47372108125927e-13,"TLR8"
109729169,8.2186e-11,1,8.916,-3.15639661659767,2.47658110059492e-10,"LINC02154"
2824,1e-20,4.237,23.054,-2.44390205434573,5.48805712878601e-20,"GPM6B"
2277,1e-20,2.294,64.181,-4.80620897186636,5.48805712878601e-20,"VEGFD"
4810,1e-20,3.743,1.245,1.58804930594452,5.48805712878601e-20,"NHS"
10742,1e-20,8.939,46.628,-2.38301119773367,5.48805712878601e-20,"RAI2"
6247,1e-20,1,3.749,-1.906505825626,5.48805712878601e-20,"RS1"
256714,1e-20,3.226,1,1.68974643849356,5.48805712878601e-20,"MAP7D2"
10549,1e-20,293.046,101.383,1.53131138495314,5.48805712878601e-20,"PRDX4"
83604,3.5702e-19,10.206,40.568,-1.99092463268209,1.80142738057505e-18,"TMEM47"
8406,5.8676e-12,8.233,37.24,-2.17736294169641,1.90351093449782e-11,"SRPX"
7102,1e-20,11.951,86.686,-2.85866767272587,5.48805712878601e-20,"TSPAN7"
4129,5.6641e-17,14.337,51.794,-1.85304180728117,2.5012046106598e-16,"MAOB"
7076,1e-20,1477.249,402.489,1.87589176219262,5.48805712878601e-20,"TIMP1"
50943,1e-20,5.626,1.229,2.19462463694204,5.48805712878601e-20,"FOXP3"
57477,2.8787e-14,6.569,26.159,-1.99356172022807,1.08136839541547e-13,"SHROOM4"
11326,1.1137e-14,54.469,313.646,-2.5256298777426,4.30099322474441e-14,"VSIG4"
9754,8.9006e-16,5.192,23.63,-2.18625734086207,3.66329957894737e-15,"STARD8"
24137,1e-20,8.821,1,3.14094221737709,5.48805712878601e-20,"KIF4A"
340527,4.0727e-13,5.698,16.419,-1.52683873560479,1.43439103824273e-12,"NHSL2"
5255,1e-20,9.826,3.294,1.57676368402466,5.48805712878601e-20,"PHKA1"
9452,2.0242e-16,25.418,100.2,-1.97896008620099,8.65732976396085e-16,"ITM2A"
27286,1e-20,9.504,3.304,1.52432114938132,5.48805712878601e-20,"SRPX2"
402415,1e-20,7.822,1.713,2.19101238464895,5.48805712878601e-20,"XKRX"
2491,1e-20,3.824,1,1.93508252331866,5.48805712878601e-20,"CENPI"
140597,1.317e-14,1,13.526,-3.75766335376083,5.06417857142857e-14,"TCEAL2"
142684,8.443e-12,1,3.384,-1.75872956845786,2.71489166065503e-11,"RAB40A"
55086,4.8253e-11,1.233,4.813,-1.96476362356203,1.47721787225275e-10,"RADX"
54830,1e-20,4.253,1.406,1.59688426055323,5.48805712878601e-20,"NUP62CL"
1287,9.6892e-11,4.2,13.69,-1.70466121359178,2.90754275481352e-10,"COL4A5"
91851,1.4189e-16,7.773,54.508,-2.80992456474552,6.12137520325203e-16,"CHRDL1"
57631,6.1839e-17,1.579,5.626,-1.83309838145446,2.72588171083861e-16,"LRCH2"
101928287,1e-20,3.241,1,1.69643902065575,5.48805712878601e-20,"LINC01285"
101928969,5.0586e-12,1.378,10.1,-2.87370749982223,1.65019054742389e-11,"RHOXF1-AS1"
90161,1e-20,20.193,1.428,3.82178737802742,5.48805712878601e-20,"HS6ST2"
2719,1.9764e-18,17.709,150.329,-3.08556869398359,9.50950492227979e-18,"GPC3"
2273,1e-20,22.029,375.792,-4.09245844353653,5.48805712878601e-20,"FHL1"
9459,1e-20,11.858,34.242,-1.5299062670078,5.48805712878601e-20,"ARHGEF6"
3149,1e-20,135.968,15.254,3.15600764389341,5.48805712878601e-20,"HMGB3"
5365,1e-20,5.406,1,2.43456151187261,5.48805712878601e-20,"PLXNB3"
26576,1e-20,4.606,1,2.20351441113076,5.48805712878601e-20,"SRPK3"
554,2.8043e-13,1,3.462,-1.79160572470455,9.97755972222222e-13,"AVPR2"
2157,1.6228e-11,4.963,17.232,-1.79580579524709,5.12285320113314e-11,"F8"
