TermID	Name	Value	LogSize	Frequency	Uniqueness	Dispensability	Representative
"GO:0000280"	"nuclear division"	-8.80063242811851	4.8550525079096	0.237469183663624	0.934938125025425	0.44153133	null
"GO:0000070"	"mitotic sister chromatid segregation"	70	-7.82318141559904	4.5758918475106	0.124865117656196	0.871836696377927	0.92352882	280
"GO:0000086"	"G2/M transition of mitotic cell cycle"	86	-3.25173640561874	3.41597441137657	0.00863711182937841	0.91149559483422	0.89748843	280
"GO:0000819"	"sister chromatid segregation"	819	-7.56490973633276	4.74950442387614	0.186233372109158	0.879418038463559	0.51489069	280
"GO:0007051"	"spindle organization"	7051	-7.06546272463244	4.43920633523702	0.0911488834170603	0.888865838831186	0.68596572	280
"GO:0007052"	"mitotic spindle organization"	7052	-5.90721103803597	4.03706775804256	0.0361067745957508	0.88550442487786	0.75095206	280
"GO:0007059"	"chromosome segregation"	7059	-6.77391296755554	5.12179284976012	0.438884642170757	0.905021277000005	0.7780013	280
"GO:0007080"	"mitotic metaphase plate congression"	7080	-3.64463475102008	3.7594411971337	0.019051379873938	0.87036571961364	0.9643424	280
"GO:0007091"	"metaphase/anaphase transition of mitotic cell cycle"	7091	-4.74206994255897	2.94001815500766	0.00288456325971563	0.698249753961393	0.84325213	280
"GO:0008608"	"attachment of spindle microtubules to kinetochore"	8608	-7.11341867604697	4.02869322839392	0.035417131885382	0.912191028575951	0.84176168	280
"GO:0042698"	"ovulation cycle"	42698	-3.67157360917624	3.36604920980024	0.00769879987248241	0.842414528203592	0.6306312	280
"GO:0044771"	"meiotic cell cycle phase transition"	44771	-3.31185789732622	2.08278537031645	0.000397870794443535	0.924889038964759	0.76026249	280
"GO:0044772"	"mitotic cell cycle phase transition"	44772	-6.17345839800704	4.13789189824736	0.04554294360397	0.902840123787642	0.65192116	280
"GO:0044784"	"metaphase/anaphase transition of cell cycle"	44784	-5.07331995944329	2.94299959336604	0.00290445679943781	0.701812357220037	0.8435716	280
"GO:0044839"	"cell cycle G2/M phase transition"	44839	-3.42144024399298	3.4432629874587	0.00919744653155306	0.917472887072703	0.9008092	280
"GO:0051225"	"spindle assembly"	51225	-3.84512535398609	4.17498965040733	0.0496045412972478	0.888778316527797	0.9004082	280
"GO:0051231"	"spindle elongation"	51231	-2.73722337482584	3.02036128264771	0.00347142268151985	0.899821523143204	0.76879637	280
"GO:0051255"	"spindle midzone assembly"	51255	-2.73722337482584	2.9804578922761	0.0031663884057798	0.904820194381714	0.76492973	280
"GO:0051303"	"establishment of chromosome localization"	51303	-3.54889904523591	3.91386681189624	0.0271878376203083	0.973341556593315	0.97444908	280
"GO:0051304"	"chromosome separation"	51304	-5.28826589484502	4.04489238347436	0.0367632614065827	0.914415132053316	0.76155127	280
"GO:0051306"	"mitotic sister chromatid separation"	51306	-4.88158513655571	2.97173959088778	0.00310339219665958	0.896550678761117	0.71879315	280
"GO:0051310"	"metaphase plate congression"	51310	-4.25234386220444	3.80665472399186	0.0212396692433774	0.898908904011679	0.81256718	280
"GO:0051315"	"attachment of mitotic spindle microtubules to kinetochore"	51315	-3.29212609772888	3.5584685625238	0.0119924888625189	0.873729572042243	0.93881557	280
"GO:0051321"	"meiotic cell cycle"	51321	-3.88987980201011	4.7730253976388	0.196597906304412	0.916260683578141	0.62827283	280
"GO:0051383"	"kinetochore organization"	51383	-3.03087215285794	3.93166123968448	0.028325084974426	0.94966259166743	0.6010395	280
"GO:0098813"	"nuclear chromosome segregation"	98813	-6.81388858713844	4.87166048609187	0.246726310814344	0.90353848850215	0.87951379	280
"GO:0140013"	"meiotic nuclear division"	140013	-3.16833516313517	4.47800342359814	0.0996666340081056	0.879925730187212	0.92226493	280
"GO:0140014"	"mitotic nuclear division"	140014	-9.35186324936486	4.63463846325227	0.142951660853609	0.877237824929866	0.93031919	280
"GO:0140694"	"non-membrane-bounded organelle assembly"	140694	-3.56747790080678	5.10264634127938	0.419955939125105	0.94084857218319	0.55124839	280
"GO:1902850"	"microtubule cytoskeleton organization involved in mitosis"	1902850	-6.99043908126739	4.17687228640918	0.049820054644238	0.88557801967831	0.76750532	280
"GO:1903046"	"meiotic cell cycle process"	1903046	-3.5938564970919	4.62336301929836	0.139287933954774	0.906281102716934	0.7731951	280
"GO:0001503"	"ossification"	-5.30361754302224	4.18301346308193	0.050529590894329	0.836811922150843	0.49194575	null
"GO:0001659"	"temperature homeostasis"	-4.48226941112619	3.2043913319193	0.00530494392591381	0.845992982374999	0.38710117	null
"GO:0001894"	"tissue homeostasis"	1894	-2.72354332571623	4.00940839915187	0.033878698146867	0.829760459853527	0.77770415	1659
"GO:0055074"	"calcium ion homeostasis"	55074	-2.97811762380597	4.39015762470826	0.0814143113130084	0.985126951511063	0.76789663	1659
"GO:0060249"	"anatomical structure homeostasis"	60249	-2.70317041043818	4.01669913806497	0.0344522952088565	0.829598191539379	0.86885183	1659
"GO:0072507"	"divalent inorganic cation homeostasis"	72507	-2.70649858421975	4.56222146771435	0.120995824180233	0.984858299478398	0.5629882	1659
"GO:0106106"	"cold-induced thermogenesis"	106106	-3.43634834620389	0.778151250383644	0.0000165779497684806	0.880303733866792	0.54483892	1659
"GO:0001667"	"ameboidal-type cell migration"	-12.2731920640175	4.12241249541128	0.0439481448362422	0.960361241991365	0	null
"GO:0010631"	"epithelial cell migration"	10631	-7.59659326424282	3.78816837114117	0.0203544067257405	0.807657485648843	0.74643877	1667
"GO:0010761"	"fibroblast migration"	10761	-2.71627806923984	2.87621784059164	0.00249000805522579	0.964088984483242	0.80904813	1667
"GO:0030595"	"leukocyte chemotaxis"	30595	-3.36587133208756	3.87511916546257	0.024866924652721	0.868307763354731	0.93087419	1667
"GO:0043542"	"endothelial cell migration"	43542	-6.46399966912154	3.56276854301652	0.012111850100852	0.812956323460533	0.96733704	1667
"GO:0045123"	"cellular extravasation"	45123	-3.54116587345061	3.1832698436828	0.0050529590894329	0.960846921148153	0.85011636	1667
"GO:0050900"	"leukocyte migration"	50900	-6.20242703801303	4.08724886779566	0.0405297715939815	0.960535104950424	0.77951954	1667
"GO:0060326"	"cell chemotaxis"	60326	-5.46633530030457	4.37164038383788	0.0780158316104699	0.863207407986054	0.81381286	1667
"GO:0071674"	"mononuclear cell migration"	71674	-3.44564425636887	3.5828584622245	0.0126854471628414	0.959006456074536	0.89496454	1667
"GO:0090132"	"epithelium migration"	90132	-7.58206754103283	3.7989267385772	0.0208650075786097	0.839655840540479	0.99135974	1667
"GO:0097529"	"myeloid leukocyte migration"	97529	-5.02462128059593	3.79858159472855	0.0208484296288413	0.957948980480167	0.74754336	1667
"GO:0097530"	"granulocyte migration"	97530	-2.68524376690894	3.68735056955803	0.0161369763046391	0.958500003980048	0.90748122	1667
"GO:0002685"	"regulation of leukocyte migration"	-5.45043406947785	4.02366391819779	0.0350093143210774	0.817539773827959	0.16955609	null
"GO:0002686"	"negative regulation of leukocyte migration"	2686	-3.23687014470408	3.26717172840301	0.00613052582438414	0.784954236980141	0.87620077	2685
"GO:0002687"	"positive regulation of leukocyte migration"	2687	-3.77599786786584	3.8065869343278	0.0212363536534237	0.752211608844014	0.84394344	2685
"GO:0002691"	"regulation of cellular extravasation"	2691	-2.61678127590542	3.13417710757677	0.00451251792698043	0.835427112888718	0.86165893	2685
"GO:0010594"	"regulation of endothelial cell migration"	10594	-4.34895214261394	3.85847704181334	0.0239319282857787	0.775526930435779	0.95583012	2685
"GO:0010595"	"positive regulation of endothelial cell migration"	10595	-3.72054882927161	3.65446533352015	0.0149599418710769	0.72547452441119	0.9298021	2685
"GO:0010632"	"regulation of epithelial cell migration"	10632	-4.65955767399233	3.99471298543157	0.0327513975626104	0.773236648238947	0.80346973	2685
"GO:0010634"	"positive regulation of epithelial cell migration"	10634	-4.57086926326746	3.81130684008134	0.0214684449501824	0.72009091834642	0.78278198	2685
"GO:0030336"	"negative regulation of cell migration"	30336	-2.94161464504383	4.12894825240933	0.0446145784169351	0.761749020171253	0.81931722	2685
"GO:0040013"	"negative regulation of locomotion"	40013	-3.59389610901972	4.19587198945933	0.0520481310931218	0.774101749480293	0.80947241	2685
"GO:0050920"	"regulation of chemotaxis"	50920	-5.09750676015811	4.06829720503145	0.0387990336381521	0.795428685070246	0.78917116	2685
"GO:0050921"	"positive regulation of chemotaxis"	50921	-3.93912278542893	3.78703518202622	0.0203013572864814	0.739958501866937	0.8330228	2685
"GO:0050926"	"regulation of positive chemotaxis"	50926	-2.697936121118	2.97127584873811	0.00310007660670588	0.820201008724279	0.753136	2685
"GO:0050927"	"positive regulation of positive chemotaxis"	50927	-2.79880827470457	2.93348728784871	0.00284146059031758	0.765216416496319	0.67721179	2685
"GO:2000146"	"negative regulation of cell motility"	2000146	-3.12050130669537	4.17134609668718	0.0491900925530358	0.760729947636672	0.98575177	2685
"GO:0003012"	"muscle system process"	-5.19502805625828	4.18875979295201	0.0512026556549293	0.829391403990676	0.49239921	null
"GO:0001990"	"regulation of systemic arterial blood pressure by hormone"	1990	-3.36213903701906	3.27253777737524	0.00620678439331915	0.720655086986731	0.8407256	3012
"GO:0003014"	"renal system process"	3014	-4.4276700426995	3.64699153747712	0.0147046414446423	0.841005680125783	0.56440273	3012
"GO:0003018"	"vascular process in circulatory system"	3018	-5.07331995944329	4.38655246876185	0.0807412465524081	0.817707862509638	0.90020831	3012
"GO:0003044"	"regulation of systemic arterial blood pressure mediated by a chemical signal"	3044	-3.12621701419462	3.3384564936046	0.00722467050910386	0.718498434488629	0.9357219	3012
"GO:0003073"	"regulation of systemic arterial blood pressure"	3073	-3.70099975493204	3.57321982711442	0.0124069376067309	0.711048533266274	0.80517017	3012
"GO:0006936"	"muscle contraction"	6936	-4.1601156076562	4.11703916787768	0.0434077036737897	0.829372063707444	0.60428355	3012
"GO:0006939"	"smooth muscle contraction"	6939	-3.29611738701848	3.73351825143449	0.0179472884193571	0.837596541894185	0.92538594	3012
"GO:0008217"	"regulation of blood pressure"	8217	-5.14734380524744	4.0675543766935	0.0387327218390782	0.693751314063866	0.59982183	3012
"GO:0043114"	"regulation of vascular permeability"	43114	-3.12621701419462	3.29402509409532	0.00652176543892028	0.721290841765548	0.77557071	3012
"GO:0043116"	"negative regulation of vascular permeability"	43116	-2.93574905184951	2.78390357927274	0.00201256310189355	0.737000864116196	0.72672881	3012
"GO:0050886"	"endocrine process"	50886	-4.88195704168635	3.39915433395822	0.0083088684239625	0.84581498392639	0.54542031	3012
"GO:0070293"	"renal absorption"	70293	-3.62973199940609	2.98900461569854	0.00322938461490003	0.853173670100765	0.51665336	3012
"GO:0006576"	"biogenic amine metabolic process"	-2.77870344927788	5.13234295335209	0.449676887470037	0.991616544673148	0.15723115	null
"GO:0007088"	"regulation of mitotic nuclear division"	-7.82318141559904	4.21338492491639	0.0541900022032095	0.726020108899522	0.17473907	null
"GO:0000075"	"cell cycle checkpoint signaling"	75	-4.97638783141901	4.55354322208026	0.118601968233664	0.648496636657127	0.92354908	7088
"GO:0007093"	"mitotic cell cycle checkpoint signaling"	7093	-5.44134291968552	4.30941722577814	0.0676015635659104	0.595779881510347	0.94258749	7088
"GO:0007094"	"mitotic spindle assembly checkpoint signaling"	7094	-6.02115465064393	3.98944981766669	0.0323568423581205	0.58436504819687	0.95072953	7088
"GO:0010639"	"negative regulation of organelle organization"	10639	-3.50555078548136	4.71525102887885	0.172108958906412	0.739727111638538	0.83571617	7088
"GO:0010948"	"negative regulation of cell cycle process"	10948	-4.48226941112619	4.65902198291607	0.151207479838312	0.69975093986372	0.94818039	7088
"GO:0010965"	"regulation of mitotic sister chromatid separation"	10965	-5.07331995944329	4.10081839573154	0.0418162204960156	0.740479746438741	0.97806585	7088
"GO:0030071"	"regulation of mitotic metaphase/anaphase transition"	30071	-4.41132744286459	4.31925184114025	0.0691499440742865	0.708220418888853	0.98761713	7088
"GO:0031577"	"spindle checkpoint signaling"	31577	-5.90699751207404	3.99611747613729	0.0328574964411286	0.673511173256343	0.72086914	7088
"GO:0032956"	"regulation of actin cytoskeleton organization"	32956	-3.78763861410155	4.82089078989906	0.219505317294498	0.784399576466542	0.78152571	7088
"GO:0033045"	"regulation of sister chromatid segregation"	33045	-6.03753063596247	4.3392526340327	0.0724091689987697	0.713645148302791	0.77800153	7088
"GO:0033046"	"negative regulation of sister chromatid segregation"	33046	-6.09814721772987	3.99860802931509	0.0330464850684893	0.696515180766155	0.99683661	7088
"GO:0033047"	"regulation of mitotic sister chromatid segregation"	33047	-6.20242703801303	4.07889161984022	0.0397572391347703	0.723258524202517	0.95132196	7088
"GO:0033048"	"negative regulation of mitotic sister chromatid segregation"	33048	-6.09814721772987	3.99860802931509	0.0330464850684893	0.696495999999939	0.99966954	7088
"GO:0045786"	"negative regulation of cell cycle"	45786	-4.45989860829393	4.75007619956784	0.186478725765731	0.713154930950807	0.76280264	7088
"GO:0045787"	"positive regulation of cell cycle"	45787	-6.06350068634867	4.40159007240666	0.0835860227326794	0.68892143518311	0.69826807	7088
"GO:0045839"	"negative regulation of mitotic nuclear division"	45839	-4.93189132581236	4.03229634473947	0.035712219391261	0.70281768816035	0.98578351	7088
"GO:0045841"	"negative regulation of mitotic metaphase/anaphase transition"	45841	-5.77952571582997	3.99743007379747	0.0329569641397395	0.690945244166712	0.99818737	7088
"GO:0045930"	"negative regulation of mitotic cell cycle"	45930	-4.48226941112619	4.44579095644005	0.0925414311976126	0.710419223198337	0.92365944	7088
"GO:0045931"	"positive regulation of mitotic cell cycle"	45931	-3.39821278024691	3.81571053978896	0.0216872738871264	0.701047113623781	0.88975398	7088
"GO:0051494"	"negative regulation of cytoskeleton organization"	51494	-2.78566141354575	4.48667129319243	0.101675881520045	0.74614021895669	0.91818168	7088
"GO:0051783"	"regulation of nuclear division"	51783	-7.59197567393733	4.26587865956282	0.0611527411059714	0.802093180189272	0.69940054	7088
"GO:0051784"	"negative regulation of nuclear division"	51784	-4.29704669306727	4.05888133934956	0.0379668205597744	0.758490023251532	0.96060242	7088
"GO:0051983"	"regulation of chromosome segregation"	51983	-6.94571441840537	4.36586221540256	0.0769846831348704	0.74737974982243	0.76471199	7088
"GO:0051984"	"positive regulation of chromosome segregation"	51984	-2.79880827470457	3.14082218010931	0.00458214531600805	0.710621311507176	0.83196723	7088
"GO:0051985"	"negative regulation of chromosome segregation"	51985	-5.90721103803597	4.00389116623691	0.0334509870428402	0.71325488152075	0.94053625	7088
"GO:0051988"	"regulation of attachment of spindle microtubules to kinetochore"	51988	-3.74972227817026	3.34143452457814	0.00727440435840931	0.779122836490896	0.65711526	7088
"GO:0071173"	"spindle assembly checkpoint signaling"	71173	-6.02115465064393	3.98944981766669	0.0323568423581205	0.672465567963078	0.99841988	7088
"GO:0071174"	"mitotic spindle checkpoint signaling"	71174	-6.02115465064393	3.99405306358768	0.0327016637133049	0.610686487486431	0.99841988	7088
"GO:0090068"	"positive regulation of cell cycle process"	90068	-6.96211078497714	4.23057663626874	0.056378291572649	0.682736236097824	0.74681363	7088
"GO:0110053"	"regulation of actin filament organization"	110053	-2.65530339787424	4.76513933178395	0.193060171823818	0.786197819588909	0.98418217	7088
"GO:1901987"	"regulation of cell cycle phase transition"	1901987	-4.37774063361322	4.80702060544357	0.212605574600857	0.730782881486063	0.84090043	7088
"GO:1901988"	"negative regulation of cell cycle phase transition"	1901988	-3.96445929265302	4.6026458934835	0.132799324415391	0.698706359502395	0.97063646	7088
"GO:1901989"	"positive regulation of cell cycle phase transition"	1901989	-3.30303074125578	3.93575910374531	0.0285936477606754	0.6903740107466	0.90548105	7088
"GO:1901990"	"regulation of mitotic cell cycle phase transition"	1901990	-5.02462128059593	4.63036684575141	0.141552481893149	0.730415454142141	0.88855421	7088
"GO:1901991"	"negative regulation of mitotic cell cycle phase transition"	1901991	-4.60920698588038	4.35623625728977	0.0752970478484391	0.705696692475269	0.9632063	7088
"GO:1901992"	"positive regulation of mitotic cell cycle phase transition"	1901992	-3.06265571051551	3.70035752782266	0.0166276836177861	0.697100754240472	0.8751477	7088
"GO:1902099"	"regulation of metaphase/anaphase transition of cell cycle"	1902099	-4.74206994255897	4.32277731470321	0.0697135943664148	0.710856711298122	0.99350544	7088
"GO:1902100"	"negative regulation of metaphase/anaphase transition of cell cycle"	1902100	-5.53021550888567	4.00216606175651	0.0333183634446924	0.698844113567759	0.94029104	7088
"GO:1902903"	"regulation of supramolecular fiber organization"	1902903	-3.10064190608317	4.8066479455016	0.212423217153404	0.793442176100614	0.67736123	7088
"GO:1905818"	"regulation of chromosome separation"	1905818	-5.77952571582997	4.11899180019598	0.0436033234810578	0.741385742979461	0.95719076	7088
"GO:1905819"	"negative regulation of chromosome separation"	1905819	-5.90721103803597	4.00333125856133	0.0334078843734422	0.710477358243478	0.99882581	7088
"GO:1905820"	"positive regulation of chromosome separation"	1905820	-2.60253487755765	3.22891340599469	0.00561329379160755	0.706272643348099	0.84188972	7088
"GO:2000816"	"negative regulation of mitotic sister chromatid separation"	2000816	-6.09814721772987	3.99860802931509	0.0330464850684893	0.695922817096214	0.9995004	7088
"GO:2001251"	"negative regulation of chromosome organization"	2001251	-3.65436515559083	4.15848311269925	0.0477544421030853	0.751466074763288	0.90227919	7088
"GO:0007163"	"establishment or maintenance of cell polarity"	-2.64393200177105	4.34088017341365	0.0726810473749728	0.996755305498867	0.00723153	null
"GO:0007178"	"transmembrane receptor protein serine/threonine kinase signaling pathway"	-4.28329183469204	4.45069549372701	0.0935924732129343	0.787121129762572	0.27741775	null
"GO:0060395"	"SMAD protein signal transduction"	60395	-2.64393200177105	3.39898106665813	0.0083055528340088	0.809509720219527	0.70874099	7178
"GO:0007188"	"adenylate cyclase-modulating G protein-coupled receptor signaling pathway"	-3.43634834620389	4.29843822531076	0.065913928279479	0.796175085588423	0.32223902	null
"GO:0007189"	"adenylate cyclase-activating G protein-coupled receptor signaling pathway"	7189	-3.42144024399298	3.90509396832787	0.0266440808679021	0.806834905516054	0.52757624	7188
"GO:0007411"	"axon guidance"	-7.59659326424282	4.53577499629203	0.113847412240064	0.637470588627027	0.46522082	null
"GO:0001649"	"osteoblast differentiation"	1649	-2.88981195323877	3.68412692561308	0.016017615066306	0.794086694570398	0.85046075	7411
"GO:0001655"	"urogenital system development"	1655	-7.56848094025963	3.38881141347352	0.00811324861669443	0.794301847733132	0.53391373	7411
"GO:0001656"	"metanephros development"	1656	-3.45083740482867	3.51732788229437	0.0109082909476603	0.761678399362439	0.90087895	7411
"GO:0001657"	"ureteric bud development"	1657	-3.19461594651118	3.55545721720465	0.0119095991136765	0.74943814350771	0.90563489	7411
"GO:0001666"	"response to hypoxia"	1666	-3.88701630419145	4.03770531313554	0.03615982403501	0.933084722721976	0.63405536	7411
"GO:0001709"	"cell fate determination"	1709	-3.53325293007445	3.48911436937892	0.0102219638272452	0.847782294038621	0.53627993	7411
"GO:0001763"	"morphogenesis of a branching structure"	1763	-2.89125313193851	3.99882581904029	0.0330630630182578	0.789326917710151	0.63084805	7411
"GO:0001822"	"kidney development"	1822	-6.49620460592319	4.1789481851168	0.0500587771209041	0.741447723298758	0.60148756	7411
"GO:0001823"	"mesonephros development"	1823	-3.38856161758542	3.58467038446435	0.0127384966021005	0.75972832751553	0.90931274	7411
"GO:0002040"	"sprouting angiogenesis"	2040	-6.22945470435006	3.56984189940376	0.0123107854980737	0.779620379641182	0.59135374	7411
"GO:0002062"	"chondrocyte differentiation"	2062	-3.245234479783	3.64836001098093	0.0147510597039941	0.760836969471843	0.91419183	7411
"GO:0002067"	"glandular epithelial cell differentiation"	2067	-2.64860141919714	3.65581049449525	0.0150063601304287	0.824830146544021	0.75916388	7411
"GO:0003002"	"regionalization"	3002	-5.14734380524744	4.40590957004392	0.0844215514010108	0.766795790771149	0.60505868	7411
"GO:0003158"	"endothelium development"	3158	-3.37881517628713	3.60648885044265	0.0133949834129324	0.834269696039182	0.64353014	7411
"GO:0007272"	"ensheathment of neurons"	7272	-2.81027288307809	3.89641597647312	0.0261169020652644	0.774633172747535	0.66394696	7411
"GO:0007389"	"pattern specification process"	7389	-5.05069747061338	4.55967924885379	0.120289603520096	0.76329146979383	0.62092694	7411
"GO:0007409"	"axonogenesis"	7409	-5.36121429238777	4.65460965735927	0.149678992869658	0.71023545796039	0.96729182	7411
"GO:0007517"	"muscle organ development"	7517	-2.86756987328772	4.3450991461329	0.0733905836250638	0.811146379836967	0.92205212	7411
"GO:0007584"	"response to nutrient"	7584	-2.81027288307809	3.60465797204787	0.0133386183837195	0.916800683067948	0.69092029	7411
"GO:0008366"	"axon ensheathment"	8366	-2.81027288307809	3.8958643512473	0.0260837461657274	0.774649151998669	0.66389084	7411
"GO:0009612"	"response to mechanical stimulus"	9612	-3.95072230209506	3.88682900467698	0.0255466205932287	0.927041711898811	0.51022223	7411
"GO:0009952"	"anterior/posterior pattern specification"	9952	-4.4203971624979	4.14063372513482	0.0458313999299416	0.774962323842461	0.90957121	7411
"GO:0021537"	"telencephalon development"	21537	-3.54889904523591	3.98077577396262	0.0317169334970572	0.761922434850431	0.85806099	7411
"GO:0021700"	"developmental maturation"	21700	-5.28489663855898	4.32647923638096	0.0703104005580801	0.841005382545282	0.5070261	7411
"GO:0030282"	"bone mineralization"	30282	-4.07981499728305	3.52672686731464	0.0111470134243264	0.778165204463057	0.63644953	7411
"GO:0030900"	"forebrain development"	30900	-3.64283718452661	4.23363058016446	0.0567761623670925	0.753907166362033	0.70012306	7411
"GO:0031214"	"biomineral tissue development"	31214	-3.87737889838034	3.78838051531956	0.0203643534956016	0.820791741451132	0.6602804	7411
"GO:0031667"	"response to nutrient levels"	31667	-2.72748770815976	4.64232599877405	0.145504665117955	0.924873131810713	0.57690765	7411
"GO:0032835"	"glomerulus development"	32835	-3.346819061783	3.48529543872609	0.0101324428984954	0.761099932541239	0.89692182	7411
"GO:0035051"	"cardiocyte differentiation"	35051	-2.65376509251574	3.7057782128286	0.0168365657848689	0.765299034088561	0.69960596	7411
"GO:0036293"	"response to decreased oxygen levels"	36293	-3.81861929428933	4.04983800062258	0.0371843413307021	0.934617376394346	0.98787047	7411
"GO:0042063"	"gliogenesis"	42063	-4.09000001206496	4.1025709018543	0.0419853155836541	0.762880248341078	0.75340133	7411
"GO:0042551"	"neuron maturation"	42551	-2.86397312851702	3.48201557645071	0.0100561843295604	0.776045085310368	0.87239717	7411
"GO:0042692"	"muscle cell differentiation"	42692	-3.06309778149909	4.23238614613191	0.0566136984593614	0.825050312768005	0.89466202	7411
"GO:0045165"	"cell fate commitment"	45165	-2.81243490534839	4.31452027906168	0.0684006207447511	0.830278766237925	0.60875343	7411
"GO:0045444"	"fat cell differentiation"	45444	-6.44431920656614	3.6742179455767	0.0156562157613531	0.844173641137604	0.55099228	7411
"GO:0045446"	"endothelial cell differentiation"	45446	-2.94742385294458	3.53478735862949	0.0113558955914092	0.827461692986028	0.66815205	7411
"GO:0048469"	"cell maturation"	48469	-3.07435812556891	4.08185117151745	0.0400291175109734	0.826071355777792	0.9514196	7411
"GO:0048483"	"autonomic nervous system development"	48483	-3.19400331137483	3.65571454961871	0.015003044540475	0.783464773377958	0.64032817	7411
"GO:0048562"	"embryonic organ morphogenesis"	48562	-3.07988540846518	4.32257072423128	0.0696804384668778	0.752577958816395	0.83788977	7411
"GO:0048565"	"digestive tract development"	48565	-4.07505381514292	3.87943996599522	0.0251155938992482	0.77838538095384	0.71993905	7411
"GO:0048568"	"embryonic organ development"	48568	-5.07331995944329	4.50407648818243	0.10583363132198	0.749441084163994	0.69971153	7411
"GO:0048705"	"skeletal system morphogenesis"	48705	-3.12621701419462	4.13171487846507	0.044899719152953	0.755778447205563	0.88655516	7411
"GO:0048706"	"embryonic skeletal system development"	48706	-2.68286874129366	4.01422642938923	0.0342566754015884	0.771216011367845	0.87134011	7411
"GO:0048732"	"gland development"	48732	-5.28030378244504	4.34331010316234	0.0730888649392775	0.81498549514632	0.66436613	7411
"GO:0048736"	"appendage development"	48736	-2.70534461302433	4.07298474462793	0.0392201135622715	0.778473421313471	0.57333496	7411
"GO:0048762"	"mesenchymal cell differentiation"	48762	-4.28329183469204	3.97913846954681	0.0315975722587241	0.808629551064355	0.67880888	7411
"GO:0048880"	"sensory system development"	48880	-2.80292038166778	4.46848025735761	0.0975048693582957	0.763419392416671	0.63073501	7411
"GO:0050817"	"coagulation"	50817	-3.0404463801108	4.36466354089477	0.0767724853778338	0.832693902278735	0.50669646	7411
"GO:0050873"	"brown fat cell differentiation"	50873	-2.97411077300799	3.09933527768596	0.00416438098184234	0.854866856258451	0.50772491	7411
"GO:0050918"	"positive chemotaxis"	50918	-3.15102094307444	3.34947179921439	0.00741034354651085	0.916810031302435	0.62775886	7411
"GO:0050919"	"negative chemotaxis"	50919	-2.72401599551475	3.18723861983148	0.00509937734878465	0.918467801829035	0.613677	7411
"GO:0051146"	"striated muscle cell differentiation"	51146	-3.10515176262758	4.1497424147134	0.0468028677863745	0.826997274595971	0.59276291	7411
"GO:0051216"	"cartilage development"	51216	-5.52951592328427	4.0982975364947	0.0415741824293958	0.751891879549142	0.69091948	7411
"GO:0055006"	"cardiac cell development"	55006	-2.686039110283	3.42667388802137	0.00885262517636866	0.771136777086785	0.75853346	7411
"GO:0055123"	"digestive system development"	55123	-3.98447451674192	3.93626234190348	0.0286268036602124	0.779706708978938	0.57898291	7411
"GO:0060173"	"limb development"	60173	-2.70534461302433	3.95143466553201	0.0296446897759971	0.781970327763901	0.5625657	7411
"GO:0060485"	"mesenchyme development"	60485	-4.00195184830921	4.11780140799733	0.0434839622427247	0.812881356453096	0.69294298	7411
"GO:0060537"	"muscle tissue development"	60537	-4.0301663767413	4.25056636904012	0.0590340791255596	0.822821763843191	0.70703835	7411
"GO:0061138"	"morphogenesis of a branching epithelium"	61138	-3.0404463801108	3.93064344104216	0.0282587731753521	0.774333087684278	0.70379556	7411
"GO:0061437"	"renal system vasculature development"	61437	-4.22252743786527	2.93601079571521	0.00285803854008606	0.781702728944438	0.83407619	7411
"GO:0061440"	"kidney vasculature development"	61440	-4.22252743786527	2.93601079571521	0.00285803854008606	0.773850705111723	0.83407619	7411
"GO:0061448"	"connective tissue development"	61448	-6.78646537043105	4.18107145782262	0.0503041307774777	0.824489843962111	0.51303468	7411
"GO:0061564"	"axon development"	61564	-5.73882098929614	4.68504272337555	0.16054418114792	0.711181472918345	0.92503201	7411
"GO:0070482"	"response to oxygen levels"	70482	-3.67494971317099	4.08407556777867	0.0402346840881025	0.935970618081549	0.65234922	7411
"GO:0071695"	"anatomical structure maturation"	71695	-4.34895214261394	4.25379822986825	0.0594750525894012	0.83358031513499	0.51908292	7411
"GO:0072001"	"renal system development"	72001	-6.92928598058262	4.20628604441243	0.0533113708654801	0.771728954507019	0.60413269	7411
"GO:0072006"	"nephron development"	72006	-3.99142085081629	3.82445127003661	0.022128247350968	0.752523585918665	0.94066594	7411
"GO:0072009"	"nephron epithelium development"	72009	-2.76754446935171	3.70816585785554	0.0169294023035724	0.745697293857628	0.95198984	7411
"GO:0072012"	"glomerulus vasculature development"	72012	-3.73937892922626	2.90145832139611	0.00263920960314212	0.772942171643103	0.99617933	7411
"GO:0072073"	"kidney epithelium development"	72073	-4.71412646274882	3.81571053978896	0.0216872738871264	0.745072105733421	0.93948515	7411
"GO:0072163"	"mesonephric epithelium development"	72163	-3.15102094307444	3.55978696820056	0.0120289603520096	0.751213212374078	0.99297498	7411
"GO:0072164"	"mesonephric tubule development"	72164	-3.15102094307444	3.55978696820056	0.0120289603520096	0.749307559451002	0.99932763	7411
"GO:0072210"	"metanephric nephron development"	72210	-3.78763861410155	3.13481437032046	0.00451914910688782	0.770436378993829	0.8557847	7411
"GO:0072224"	"metanephric glomerulus development"	72224	-3.92097626961248	2.63144376901317	0.00141575691022825	0.7826894302881	0.86182959	7411
"GO:0097485"	"neuron projection guidance"	97485	-7.59197567393733	4.5443409436938	0.116115275768392	0.637089054243214	0.93981892	7411
"GO:0007626"	"locomotory behavior"	-2.76274866793475	4.09018748757542	0.0408049655601383	0.838840185484337	0.48473449	null
"GO:0009308"	"amine metabolic process"	-3.12050130669537	5.2383848712859	0.574041351043226	0.994559562875593	0.15209406	null
"GO:0009410"	"response to xenobiotic stimulus"	-3.07435812556891	4.44742163012184	0.0928895681427507	0.913135418365104	0.4456953	null
"GO:0010259"	"multicellular organism aging"	-3.38753106188922	3.01410032151962	0.0034216888322144	0.805666266632915	0.49136981	null
"GO:0010565"	"regulation of cellular ketone metabolic process"	-3.88931084557652	4.11421052824999	0.0431258785277255	0.841933567367368	0.25470755	null
"GO:0010676"	"positive regulation of cellular carbohydrate metabolic process"	10676	-2.6566130608055	3.29556709996248	0.00654497456859616	0.791242410505674	0.87830848	10565
"GO:0010906"	"regulation of glucose metabolic process"	10906	-2.74644022357705	3.91587450285769	0.0273138300385487	0.842772211521489	0.86864744	10565
"GO:0062013"	"positive regulation of small molecule metabolic process"	62013	-3.24076961468291	3.85199174796216	0.0235771601607332	0.783896408120634	0.86071083	10565
"GO:0010876"	"lipid localization"	-3.46001211664062	5.20243654738018	0.528438726820089	0.987886113449268	0.20581334	null
"GO:0015908"	"fatty acid transport"	15908	-2.61460084929994	4.30274207972316	0.0665704150903109	0.988055243572247	0.50459716	10876
"GO:0014065"	"phosphatidylinositol 3-kinase signaling"	-4.31868085215072	3.53567380342575	0.0113791047210851	0.809203455842503	0.3860873	null
"GO:0048015"	"phosphatidylinositol-mediated signaling"	48015	-3.7337254157708	4.24846371755103	0.0587489383895417	0.790468415643695	0.88078322	14065
"GO:0015849"	"organic acid transport"	-3.43634834620389	5.43526927751543	0.903292695805066	0.987754564088649	0.27647758	null
"GO:0018108"	"peptidyl-tyrosine phosphorylation"	-4.88158513655571	4.97737603065493	0.314725745174698	0.988524222181721	0.00825398	null
"GO:0018212"	"peptidyl-tyrosine modification"	18212	-4.81446737168081	4.99716787144583	0.329400546309757	0.992084773881341	0.63620719	18108
"GO:0019216"	"regulation of lipid metabolic process"	-5.54309013721512	4.3521246083197	0.0745875115983481	0.851746166609589	0.2454629	null
"GO:0019932"	"second-messenger-mediated signaling"	-3.6977674760525	4.44045251824962	0.0914108150234023	0.787000913463984	0.44242815	null
"GO:0023061"	"signal release"	-4.24856157942519	4.25265888950062	0.0593192198615774	0.949530486623049	0.31683566	null
"GO:0016055"	"Wnt signaling pathway"	16055	-3.77964594399313	4.72444791446434	0.175792579344969	0.772136522561232	0.7756203	23061
"GO:0060070"	"canonical Wnt signaling pathway"	60070	-3.78763861410155	3.96604782107645	0.0306592603018281	0.795100929746287	0.87713212	23061
"GO:0198738"	"cell-cell signaling by wnt"	198738	-3.74524236093418	4.72547058319046	0.176207028089181	0.954838477451206	0.84219072	23061
"GO:0030010"	"establishment of cell polarity"	-2.61678127590542	3.96151601144895	0.0303409636662733	0.996930732036577	0.00540484	null
"GO:0030198"	"extracellular matrix organization"	-9.49196513647834	4.47979118018949	0.100077767162364	0.958152269197286	0.40838919	null
"GO:0031032"	"actomyosin structure organization"	-4.22252743786527	3.97150778171126	0.0310471843264105	0.948016643952621	0.44956471	null
"GO:0031099"	"regeneration"	-3.92303480954383	3.93490225832231	0.0285372827314626	0.844572727859518	0.49356807	null
"GO:0031100"	"animal organ regeneration"	-3.10064190608317	3.02734960777476	0.00352778771073268	0.843557047438684	0	null
"GO:0031589"	"cell-substrate adhesion"	-5.19502805625828	4.31376179629244	0.0682812595064181	0.989531413983804	0.00719356	null
"GO:0007156"	"homophilic cell adhesion via plasma membrane adhesion molecules"	7156	-2.63573549510055	4.79904402502942	0.208736281124893	0.988193494969978	0.94645511	31589
"GO:0098742"	"cell-cell adhesion via plasma-membrane adhesion molecules"	98742	-3.69151536372796	4.83298127031796	0.225702154917957	0.988153328605968	0.72924691	31589
"GO:0032970"	"regulation of actin filament-based process"	-3.88399398963544	4.82957391647268	0.22393826106259	0.839664682266387	0.19399853	null
"GO:0033622"	"integrin activation"	-3.38753106188922	2.66086547800387	0.00151522460883913	0.965466160733425	0.29940331	null
"GO:0033674"	"positive regulation of kinase activity"	-7.83915295182726	4.53852346533271	0.11457021084997	0.727517659060914	0	null
"GO:0000079"	"regulation of cyclin-dependent protein serine/threonine kinase activity"	79	-2.72748770815976	4.44729760356707	0.0928630434231212	0.713736506502574	0.90678307	33674
"GO:0001933"	"negative regulation of protein phosphorylation"	1933	-2.83432428060642	4.3314475428778	0.071119404506782	0.761181293916483	0.80957428	33674
"GO:0007162"	"negative regulation of cell adhesion"	7162	-3.28377119618456	4.10380372095596	0.0421046768219871	0.789392136465491	0.88298868	33674
"GO:0008016"	"regulation of heart contraction"	8016	-2.59336394720575	4.03019478535675	0.0355398087136688	0.808832198433653	0.89247996	33674
"GO:0010460"	"positive regulation of heart rate"	10460	-2.60253487755765	2.90525604874845	0.00266241873281799	0.751619499262026	0.76429048	33674
"GO:0010810"	"regulation of cell-substrate adhesion"	10810	-2.67018213807664	4.00834462925269	0.0337958083980246	0.848324616637412	0.87027559	33674
"GO:0010811"	"positive regulation of cell-substrate adhesion"	10811	-2.79088136890432	3.75258617874041	0.0187529767781053	0.78135958428774	0.83794998	33674
"GO:0010959"	"regulation of metal ion transport"	10959	-3.01161520498121	4.38731862468566	0.080883816920417	0.800861898019929	0.79147663	33674
"GO:0014066"	"regulation of phosphatidylinositol 3-kinase signaling"	14066	-2.97142314875277	3.65753388755799	0.0150660407495952	0.819033189222925	0.65662624	33674
"GO:0014068"	"positive regulation of phosphatidylinositol 3-kinase signaling"	14068	-3.67157360917624	3.49023948524629	0.0102484885468747	0.75848972486565	0.7593081	33674
"GO:0022898"	"regulation of transmembrane transporter activity"	22898	-3.15102094307444	4.21685178328438	0.0546243444871437	0.779057901122049	0.99309096	33674
"GO:0030111"	"regulation of Wnt signaling pathway"	30111	-3.69666408701838	4.49869642185755	0.104530604470178	0.799527408547945	0.65171632	33674
"GO:0030177"	"positive regulation of Wnt signaling pathway"	30177	-2.81027288307809	3.98739809913702	0.0322043252202505	0.743265550245673	0.8852185	33674
"GO:0032102"	"negative regulation of response to external stimulus"	32102	-3.9664403994141	4.34064237756071	0.0726412602955285	0.767164066036182	0.5780685	33674
"GO:0032103"	"positive regulation of response to external stimulus"	32103	-3.13501078487835	4.57074136245526	0.123392995716755	0.743075307618633	0.81378021	33674
"GO:0032370"	"positive regulation of lipid transport"	32370	-2.77688884385978	3.48172919696002	0.010049553149653	0.762407470709746	0.9323334	33674
"GO:0032409"	"regulation of transporter activity"	32409	-3.38753106188922	4.23157152552842	0.0565075995808431	0.849332750753093	0.51294005	33674
"GO:0032411"	"positive regulation of transporter activity"	32411	-3.53845527140303	3.8355637516691	0.0227018444129574	0.738018901942407	0.81351186	33674
"GO:0032412"	"regulation of ion transmembrane transporter activity"	32412	-3.12621701419462	4.20479803819086	0.0531290134180268	0.778261505216234	0.93835588	33674
"GO:0032414"	"positive regulation of ion transmembrane transporter activity"	32414	-2.80377006459293	3.81431420020746	0.0216176464980988	0.726165910701804	0.97055014	33674
"GO:0034764"	"positive regulation of transmembrane transport"	34764	-5.99645850482434	4.07878296019696	0.0397472923649092	0.735193046609656	0.52954564	33674
"GO:0034767"	"positive regulation of ion transmembrane transport"	34767	-4.16172815679405	3.97071870372019	0.0309908192971977	0.735348199784	0.96137856	33674
"GO:0035813"	"regulation of renal sodium excretion"	35813	-2.79880827470457	2.3384564936046	0.00071948301995206	0.79659937046136	0.93309642	33674
"GO:0035815"	"positive regulation of renal sodium excretion"	35815	-3.1038349734801	2.16435285578444	0.000480760543285939	0.755497431994571	0.65730548	33674
"GO:0042326"	"negative regulation of phosphorylation"	42326	-2.90862658284299	4.3688073542973	0.0775085463475544	0.760841389533588	0.91876824	33674
"GO:0043270"	"positive regulation of ion transport"	43270	-5.46633530030457	4.0883841860977	0.0406358704724998	0.744084836245317	0.84379776	33674
"GO:0043405"	"regulation of MAP kinase activity"	43405	-3.78763861410155	3.87471368875778	0.0248437155230451	0.817871844898876	0.79273533	33674
"GO:0043410"	"positive regulation of MAPK cascade"	43410	-5.00965077676824	4.41106385746092	0.0854294907469344	0.726773368238229	0.55882817	33674
"GO:0044089"	"positive regulation of cellular component biogenesis"	44089	-3.16537853029279	4.39944872981423	0.0831748895784211	0.769663518040146	0.55775008	33674
"GO:0045785"	"positive regulation of cell adhesion"	45785	-4.73433584185175	4.31989685881489	0.069252727362851	0.764361951723088	0.55047657	33674
"GO:0045834"	"positive regulation of lipid metabolic process"	45834	-5.19502805625828	3.83442070368153	0.0226421637937909	0.784974015579444	0.54279272	33674
"GO:0045860"	"positive regulation of protein kinase activity"	45860	-6.17345839800704	4.46651173848615	0.0970638958944542	0.729387861167431	0.94431312	33674
"GO:0046889"	"positive regulation of lipid biosynthetic process"	46889	-2.77688884385978	3.57030938543588	0.0123240478578885	0.791739817665978	0.82734056	33674
"GO:0046890"	"regulation of lipid biosynthetic process"	46890	-3.5898051310568	4.12862540487595	0.0445814225173981	0.850148681665147	0.89337718	33674
"GO:0050727"	"regulation of inflammatory response"	50727	-3.19400331137483	4.25618838258977	0.0598032959948171	0.821659482658558	0.7735439	33674
"GO:0050730"	"regulation of peptidyl-tyrosine phosphorylation"	50730	-2.67379772500595	4.10424804699044	0.0421477794913852	0.823689499647833	0.78045115	33674
"GO:0050731"	"positive regulation of peptidyl-tyrosine phosphorylation"	50731	-3.54922997030504	3.97909290063833	0.0315942566687704	0.75592280899483	0.86729465	33674
"GO:0050804"	"modulation of chemical synaptic transmission"	50804	-2.76185205639495	4.39597254779499	0.0825117715876819	0.819060017034401	0.62704806	33674
"GO:0051281"	"positive regulation of release of sequestered calcium ion into cytosol"	51281	-2.61678127590542	3.12483014941386	0.00441636581832324	0.759661799718255	0.88600444	33674
"GO:0051896"	"regulation of protein kinase B signaling"	51896	-3.69288676290341	3.8165726960261	0.0217303765565244	0.815264417044182	0.67214299	33674
"GO:0051897"	"positive regulation of protein kinase B signaling"	51897	-4.24856157942519	3.61458086699749	0.0136469682494133	0.75475704107405	0.77292921	33674
"GO:0051928"	"positive regulation of calcium ion transport"	51928	-2.64817831082088	3.63174807439657	0.0141973561817268	0.754475995749567	0.91479962	33674
"GO:0060828"	"regulation of canonical Wnt signaling pathway"	60828	-2.81027288307809	4.24407910667239	0.0581587633777838	0.805254979775637	0.62539156	33674
"GO:0070372"	"regulation of ERK1 and ERK2 cascade"	70372	-4.26292802306023	4.11203495117343	0.0429103651807353	0.806149246710721	0.89687471	33674
"GO:0070374"	"positive regulation of ERK1 and ERK2 cascade"	70374	-3.24076961468291	3.8777743499914	0.025019441790591	0.745420957274713	0.86537241	33674
"GO:0071900"	"regulation of protein serine/threonine kinase activity"	71900	-6.27760096481479	4.65936466663866	0.151326841076645	0.797232619250267	0.9007127	33674
"GO:0071902"	"positive regulation of protein serine/threonine kinase activity"	71902	-4.02235980667907	4.16870368024908	0.0488916894572031	0.73973073798453	0.89932725	33674
"GO:0090092"	"regulation of transmembrane receptor protein serine/threonine kinase signaling pathway"	90092	-2.64393200177105	4.31086317427254	0.0678270236827617	0.804798866177898	0.63208844	33674
"GO:0098801"	"regulation of renal system process"	98801	-2.67379772500595	2.94001815500766	0.00288456325971563	0.83324169862475	0.76770044	33674
"GO:0099177"	"regulation of trans-synaptic signaling"	99177	-2.74082945706603	4.39646089150708	0.0826046081063853	0.819047436077566	0.62709785	33674
"GO:1902893"	"regulation of miRNA transcription"	1902893	-2.83513170382322	3.47099816966087	0.00980419949307945	0.856502050534979	0.96425032	33674
"GO:1902895"	"positive regulation of miRNA transcription"	1902895	-2.72401599551475	3.36172783601759	0.0076225413035474	0.788851669483245	0.52935482	33674
"GO:1903169"	"regulation of calcium ion transmembrane transport"	1903169	-2.71821473900356	3.95607233699518	0.0299629864115519	0.798835527454287	0.89476845	33674
"GO:1903522"	"regulation of blood circulation"	1903522	-2.74082945706603	4.21866677149587	0.0548531201939488	0.804255483103264	0.69806574	33674
"GO:1904029"	"regulation of cyclin-dependent protein kinase activity"	1904029	-2.61772410170123	4.45000263017319	0.093443271665018	0.71405442997401	0.90720241	33674
"GO:1904062"	"regulation of cation transmembrane transport"	1904062	-3.1270898292868	4.30696086288319	0.0672202707212353	0.793138048077303	0.76377213	33674
"GO:1904064"	"positive regulation of cation transmembrane transport"	1904064	-3.98496496055878	3.91645394854993	0.0273503015280394	0.736034551054718	0.82296282	33674
"GO:1904427"	"positive regulation of calcium ion transmembrane transport"	1904427	-2.9620835105335	3.51027684441735	0.0107325646801144	0.748438101242202	0.93136586	33674
"GO:1905952"	"regulation of lipid localization"	1905952	-2.80377006459293	3.81338080673386	0.021571228238747	0.820017703300404	0.62072893	33674
"GO:1905954"	"positive regulation of lipid localization"	1905954	-3.29611738701848	3.61468634228201	0.013650283839367	0.7669827134994	0.60375025	33674
"GO:0034308"	"primary alcohol metabolic process"	-4.4276700426995	4.94809005932546	0.294202243361319	0.985092275931476	0.03925306	null
"GO:0006066"	"alcohol metabolic process"	6066	-2.9620835105335	5.40726170176791	0.846877932742926	0.984140327732294	0.81887202	34308
"GO:0006584"	"catecholamine metabolic process"	6584	-3.23687014470408	3.64777405026883	0.0147311661642719	0.979285070370493	0.83839243	34308
"GO:0009712"	"catechol-containing compound metabolic process"	9712	-3.23687014470408	4.2879360270447	0.0643390230514734	0.983049774971244	0.65870765	34308
"GO:0035265"	"organ growth"	-2.9620835105335	3.63508143601087	0.0143067706501988	0.807131982992944	0.40934123	null
"GO:0042060"	"wound healing"	-5.54309013721512	4.47565666318247	0.0991295084356068	0.934778234340322	0.23153301	null
"GO:0007596"	"blood coagulation"	7596	-3.17629509464705	4.36263324527236	0.0764144016628347	0.651504248241441	0.94221258	42060
"GO:0042180"	"cellular ketone metabolic process"	-4.05544118830451	5.12946753321346	0.446709434461479	0.989643034221073	0.28775419	null
"GO:0042445"	"hormone metabolic process"	-5.82507817843773	4.61992771029147	0.138190473680101	0.8192954978479	0.15917317	null
"GO:0002792"	"negative regulation of peptide secretion"	2792	-3.78763861410155	3.2964457942064	0.00655823692841094	0.779558736730443	0.89031508	42445
"GO:0007204"	"positive regulation of cytosolic calcium ion concentration"	7204	-3.15102094307444	3.72015930340596	0.017403531666951	0.848649865181185	0.54777955	42445
"GO:0007599"	"hemostasis"	7599	-3.31277187339573	4.36554414002947	0.0769283181056576	0.833191806508338	0.60696888	42445
"GO:0008207"	"C21-steroid hormone metabolic process"	8207	-2.9243638891139	3.16879202031418	0.00488717959174809	0.847168431139057	0.73599348	42445
"GO:0009914"	"hormone transport"	9914	-2.6728372854906	4.13443212489584	0.0451815442990171	0.824966915746239	0.85057019	42445
"GO:0046676"	"negative regulation of insulin secretion"	46676	-3.10742362309451	3.08170727009735	0.00399860148415753	0.728426582095776	0.97368513	42445
"GO:0046879"	"hormone secretion"	46879	-2.61772410170123	3.72948876917956	0.0177815089216723	0.810181588796571	0.79845252	42445
"GO:0046883"	"regulation of hormone secretion"	46883	-2.64393200177105	4.12031064263646	0.0437359470792056	0.743599529915761	0.84863856	42445
"GO:0046888"	"negative regulation of hormone secretion"	46888	-4.37774063361322	3.38934331125208	0.00812319538655551	0.718947597288691	0.75936261	42445
"GO:0050878"	"regulation of body fluid levels"	50878	-3.73691275327362	4.55464661620637	0.118903686919451	0.830297797229835	0.62681274	42445
"GO:0051048"	"negative regulation of secretion"	51048	-3.1270898292868	3.79574102086924	0.0207124904407397	0.767151841062818	0.82250369	42445
"GO:0090278"	"negative regulation of peptide hormone secretion"	90278	-3.8876010583983	3.28578227377939	0.00639908861063353	0.721915695861728	0.89949301	42445
"GO:0043062"	"extracellular structure organization"	-9.49196513647834	4.48870579398179	0.102153326473378	0.958094851089717	0.40911872	null
"GO:0043491"	"protein kinase B signaling"	-3.73119111922258	3.43039759138697	0.00892888374530367	0.813953128901663	0.38044892	null
"GO:0045229"	"external encapsulating structure organization"	-9.49196513647834	5.47962712876509	1.0004295346785	0.950640860181874	0.00693659	null
"GO:0045765"	"regulation of angiogenesis"	-7.58285182164514	4.26594928995062	0.0611626878758325	0.789495410169123	0.15912964	null
"GO:0010720"	"positive regulation of cell development"	10720	-5.53021550888567	4.3019410577952	0.0664477382620241	0.741912577615351	0.58763255	45765
"GO:0016525"	"negative regulation of angiogenesis"	16525	-2.64817831082088	3.93981866282138	0.0288622105469248	0.7494674006288	0.94910698	45765
"GO:0030278"	"regulation of ossification"	30278	-3.30303074125578	3.87598677142849	0.0249166585020264	0.817303921176447	0.65194242	45765
"GO:0030501"	"positive regulation of bone mineralization"	30501	-2.86397312851702	3.37364747220922	0.00783473906058395	0.757114233384694	0.88477551	45765
"GO:0030856"	"regulation of epithelial cell differentiation"	30856	-2.81027288307809	3.80352539557653	0.0210871521055074	0.794624330418492	0.74390953	45765
"GO:0045598"	"regulation of fat cell differentiation"	45598	-3.43634834620389	3.81338080673386	0.021571228238747	0.82862263788907	0.74498099	45765
"GO:0045664"	"regulation of neuron differentiation"	45664	-2.79088136890432	4.08685791565985	0.0404933001044908	0.822246542101245	0.77599381	45765
"GO:0045766"	"positive regulation of angiogenesis"	45766	-3.75296028308545	3.84348194303996	0.0231196087471231	0.74044184389606	0.93575635	45765
"GO:0045778"	"positive regulation of ossification"	45778	-3.30614868231997	3.44200915914095	0.00917092181192349	0.765768229010424	0.61291481	45765
"GO:0048638"	"regulation of developmental growth"	48638	-2.97142314875277	4.29249973968558	0.0650187189919811	0.831049913652496	0.59008408	45765
"GO:0050767"	"regulation of neurogenesis"	50767	-4.97222297158126	4.19490267445906	0.0519320854447425	0.781623270963017	0.94781314	45765
"GO:0050769"	"positive regulation of neurogenesis"	50769	-5.07331995944329	3.95999483832842	0.030234864787755	0.727273399821124	0.86061258	45765
"GO:0051960"	"regulation of nervous system development"	51960	-6.06350068634867	4.30109513495094	0.06631843025383	0.792136295081741	0.80071233	45765
"GO:0051962"	"positive regulation of nervous system development"	51962	-5.46633530030457	4.06175396780593	0.0382188053962553	0.734935452989135	0.9157156	45765
"GO:0120161"	"regulation of cold-induced thermogenesis"	120161	-3.43634834620389	3.69705489227257	0.0165016911995456	0.814347081666189	0.63526535	45765
"GO:1901342"	"regulation of vasculature development"	1901342	-7.59659326424282	4.27272323461384	0.0621242089624044	0.79294493889893	0.79632883	45765
"GO:1901343"	"negative regulation of vasculature development"	1901343	-2.87689618837751	3.94645226501307	0.0293064996007201	0.749467098416836	0.95004031	45765
"GO:1904018"	"positive regulation of vasculature development"	1904018	-3.75296028308545	3.84348194303996	0.0231196087471231	0.740653152628823	0.93575635	45765
"GO:2000027"	"regulation of animal organ morphogenesis"	2000027	-3.01059181257218	3.72713442376049	0.0176853568130152	0.842859263284058	0.58882532	45765
"GO:0046364"	"monosaccharide biosynthetic process"	-2.686039110283	4.89596369551026	0.260926982586024	0.993130083042917	0.27461743	null
"GO:0048017"	"inositol lipid-mediated signaling"	-3.93247404185411	4.31752012728481	0.0688747501081297	0.790686672541947	0.37345185	null
"GO:0048511"	"rhythmic process"	-2.87649695756327	4.55610943809156	0.119304873303848	1	0	null
"GO:0050000"	"chromosome localization"	-3.62973199940609	3.9516774373433	0.0296612677257656	0.979768873956076	0	null
"GO:0050673"	"epithelial cell proliferation"	-6.22739552880529	3.90735760813117	0.0267833356459573	0.978177724322782	0.00536259	null
"GO:0001935"	"endothelial cell proliferation"	1935	-5.19502805625828	3.16879202031418	0.00488717959174809	0.979786507310936	0.73798049	50673
"GO:0007405"	"neuroblast proliferation"	7405	-2.97138094405426	3.40739090447073	0.00846801674173991	0.766611641160175	0.76102668	50673
"GO:0033002"	"muscle cell proliferation"	33002	-2.86399769487487	3.26458172923808	0.00609405433489348	0.979587554782214	0.74706382	50673
"GO:0048144"	"fibroblast proliferation"	48144	-3.77599786786584	3.16494737262184	0.00484407692235004	0.979794430833904	0.7376205	50673
"GO:0061351"	"neural precursor cell proliferation"	61351	-2.98581663003271	3.69688037168276	0.0164950600196382	0.978653281486887	0.79098979	50673
"GO:0050678"	"regulation of epithelial cell proliferation"	-6.06182193500277	4.18746431529292	0.0510501385170593	0.841584417314837	0.17401234	null
"GO:0001936"	"regulation of endothelial cell proliferation"	1936	-4.68467104729396	3.79190108000957	0.0205301329932864	0.847811345606838	0.71755957	50678
"GO:0001938"	"positive regulation of endothelial cell proliferation"	1938	-4.04123806276369	3.55798814822491	0.0119792265027041	0.782874235192632	0.86482978	50678
"GO:0048146"	"positive regulation of fibroblast proliferation"	48146	-3.38409165300791	3.31492005599242	0.00684337766442881	0.790616037588535	0.67164631	50678
"GO:0050679"	"positive regulation of epithelial cell proliferation"	50679	-4.56549474628148	3.89442683796419	0.0259975408269313	0.773455584128421	0.90484507	50678
"GO:1902692"	"regulation of neuroblast proliferation"	1902692	-2.686039110283	3.2513948500401	0.0059116968874402	0.859708790524117	0.66596984	50678
"GO:0051302"	"regulation of cell division"	-5.60409084603155	4.52850533914635	0.111957525966457	0.846834852648588	0.1840852	null
"GO:0051782"	"negative regulation of cell division"	-3.74972227817026	3.34576569311449	0.00734734733739062	0.814642846258542	0.15330573	null
"GO:0051781"	"positive regulation of cell division"	51781	-3.40066100268583	4.21173442287603	0.0539844356260804	0.772670575498915	0.79648794	51782
"GO:0060191"	"regulation of lipase activity"	-3.56747790080678	3.41863268735407	0.00869016126863755	0.863886950209708	0.462939	null
"GO:0010517"	"regulation of phospholipase activity"	10517	-3.5449200182141	3.27346427262135	0.00622004675313394	0.866335988617597	0.52390215	60191
"GO:0061614"	"miRNA transcription"	-2.78286238393118	1.43136376415899	0.0000862053387960993	0.994097992684831	0.06054571	null
"GO:0062012"	"regulation of small molecule metabolic process"	-3.07988540846518	4.46714915348996	0.0972064662624631	0.850201197077856	0.25020576	null
"GO:0070371"	"ERK1 and ERK2 cascade"	-5.11629188451231	3.29534714833362	0.00654165897864246	0.817052808918691	0.19421238	null
"GO:0070997"	"neuron death"	-2.94161464504383	3.69679308508174	0.0164917444296845	0.997042330868026	0.00520441	null
"GO:0072537"	"fibroblast activation"	-2.90357095453144	2.26951294421792	0.000613384141433784	0.997527593884272	0.00433621	null
"GO:0090130"	"tissue migration"	-7.8728740292763	3.82458137623348	0.0221348785308754	0.844378298204339	0	null
"GO:0097305"	"response to alcohol"	-7.59659326424282	4.33998776680335	0.0725318458270565	0.894863927444422	0	null
"GO:0031960"	"response to corticosteroid"	31960	-4.24856157942519	3.502836638621	0.0105502072326611	0.892653296320043	0.81090001	97305
"GO:0032355"	"response to estradiol"	32355	-2.94742385294458	3.35256838617931	0.00746339298576998	0.901442774078985	0.67184884	97305
"GO:0032526"	"response to retinoic acid"	32526	-2.70759071461616	3.53857373380686	0.0114553632900201	0.899269993368415	0.67785648	97305
"GO:0032868"	"response to insulin"	32868	-2.86399769487487	4.02559256885167	0.0351651470489011	0.884717827315862	0.94989401	97305
"GO:0034694"	"response to prostaglandin"	34694	-4.22252743786527	2.97634997900327	0.00313654809619654	0.90003876407043	0.63317157	97305
"GO:0043434"	"response to peptide hormone"	43434	-6.81388858713844	4.23837232902833	0.0573994932783874	0.881425821672264	0.69824777	97305
"GO:0044344"	"cellular response to fibroblast growth factor stimulus"	44344	-3.67494971317099	4.17917822920979	0.0500853018405337	0.913945730369896	0.58801159	97305
"GO:0048545"	"response to steroid hormone"	48545	-3.88911707029868	4.23118914548267	0.0564578657315377	0.882512997843098	0.75296572	97305
"GO:0051384"	"response to glucocorticoid"	51384	-4.45645148350811	3.44932409309873	0.00932675453974721	0.893367637848278	0.54149544	97305
"GO:0070098"	"chemokine-mediated signaling pathway"	70098	-3.11495627220692	4.11604292684921	0.0433082359751788	0.757537502080055	0.59702309	97305
"GO:0070542"	"response to fatty acid"	70542	-3.74524236093418	3.81318053258601	0.0215612814688859	0.895655130341877	0.78144359	97305
"GO:0071375"	"cellular response to peptide hormone stimulus"	71375	-3.89904289290053	4.17269048175585	0.0493426096909058	0.875183716993499	0.97123509	97305
"GO:0071379"	"cellular response to prostaglandin stimulus"	71379	-2.67700865239804	2.85125834871908	0.00235075327717055	0.895401987435474	0.62401336	97305
"GO:0071398"	"cellular response to fatty acid"	71398	-3.74972227817026	3.71180722904119	0.0170719726715814	0.890194835259685	0.77015064	97305
"GO:0071559"	"response to transforming growth factor beta"	71559	-2.94467895376773	4.03334332313522	0.0357984247300571	0.91596488578627	0.84826657	97305
"GO:0071560"	"cellular response to transforming growth factor beta stimulus"	71560	-2.81027288307809	4.02382839253489	0.0350225766808922	0.91573631551159	0.84925065	97305
"GO:0071774"	"response to fibroblast growth factor"	71774	-3.38856161758542	4.17978151583698	0.0501549292295613	0.914281426282377	0.86708912	97305
"GO:0097306"	"cellular response to alcohol"	97306	-4.4153887829414	4.10974723771323	0.042684905063884	0.890914718063661	0.68444911	97305
"GO:1901653"	"cellular response to peptide"	1901653	-4.75640759617541	4.22401481137286	0.0555328161344565	0.875535452587902	0.97890858	97305
"GO:1901654"	"response to ketone"	1901654	-6.994897493804	3.80685802951882	0.0212496160132385	0.902232281622488	0.65401284	97305
"GO:1901655"	"cellular response to ketone"	1901655	-3.68556259924487	3.53744128340795	0.0114255229804369	0.899496525026036	0.62912577	97305
"GO:1990868"	"response to chemokine"	1990868	-3.15102094307444	4.12917410296777	0.044637787546611	0.90019302316643	0.79287414	97305
"GO:1990869"	"cellular response to chemokine"	1990869	-3.15102094307444	4.12917410296777	0.044637787546611	0.892230346006756	0.99759848	97305
"GO:0120254"	"olefinic compound metabolic process"	-3.30650136212777	4.1162091258034	0.0433248139249473	0.99768064835064	0.0336856	null
"GO:1903034"	"regulation of response to wounding"	-4.34895214261394	4.03229634473947	0.035712219391261	0.832221973272005	0.15330886	null
"GO:0061041"	"regulation of wound healing"	61041	-3.84758579101487	3.9451730461739	0.029220294261924	0.834176325658695	0.68027296	1903034
"GO:1903510"	"mucopolysaccharide metabolic process"	-2.86399769487487	4.07265421733303	0.0391902732526882	0.995343815996703	0.12208742	null
"GO:1990845"	"adaptive thermogenesis"	-3.30650136212777	2.90254677931399	0.00264584078304951	0.998583950351333	0.01912446	null
