"cancer_type","ncbi_gene_id","fdr_adjusted_p_value","cancer_sample_med","normal_sample_med","log2_fold_change","p_value","gene_symbol"
"COAD",84069,1e-20,3.018,1,1.5935928058646,9.45981387478849e-20,"PLEKHN1"
"COAD",1953,1e-20,7.578,2.245,1.7551016948802,9.45981387478849e-20,"MEGF6"
"COAD",106614088,8.4753e-19,2.938,1,1.55483439589419,6.97582384615385e-18,"MIR34AHG"
"COAD",10630,1e-20,20.412,6.052,1.7539336541678,9.45981387478849e-20,"PDPN"
"COAD",284723,1.7845e-14,1,12.274,-3.61753358347542,1.01906980337079e-13,"SLC25A34"
"COAD",388595,2.138e-15,1.354,31.135,-4.52323763518964,1.31859056811914e-14,"TMEM82"
"COAD",4237,1e-20,24.003,4.952,2.27713151177897,9.45981387478849e-20,"MFAP2"
"COAD",11240,2.2703e-16,19.873,364.856,-4.19844559750469,1.52327389438944e-15,"PADI2"
"COAD",65018,1e-20,12.22,35.196,-1.52616719177202,9.45981387478849e-20,"PINK1"
"COAD",3352,6.4911e-11,5.777,1,2.53032049467804,2.70973435318275e-10,"HTR1D"
"COAD",6920,1.1415e-20,72.018,224.579,-1.64079358973689,1.07528915332772e-19,"TCEA3"
"COAD",55616,2.7627e-18,6.552,29.182,-2.15507150023223,2.18234758389262e-17,"ASAP3"
"COAD",2517,3.4697e-18,89.212,346.876,-1.95911033872593,2.71969509638977e-17,"FUCA1"
"COAD",127294,1e-20,8.052,1.764,2.19049661136382,9.45981387478849e-20,"MYOM3"
"COAD",57822,1e-20,3.115,1,1.63923216324928,9.45981387478849e-20,"GRHL3"
"COAD",79000,1e-20,8.242,1.737,2.24639670957011,9.45981387478849e-20,"AUNIP"
"COAD",6548,1.1036e-14,36.221,103.016,-1.50797014567265,6.40368624805397e-14,"SLC9A1"
"COAD",113452,5.6637e-16,266.213,772.771,-1.53745993054855,3.67122675652174e-15,"TMEM54"
"COAD",2707,2.7117e-12,35.92,9.743,1.88234937915607,1.2880575e-11,"GJB3"
"COAD",63967,1e-20,4.566,1.559,1.55030993152692,9.45981387478849e-20,"CLSPN"
"COAD",54933,9.6911e-16,8.157,33.095,-2.02050271360993,6.16212878305374e-15,"RHBDL2"
"COAD",1503,1e-20,45.324,14.055,1.68919173589362,9.45981387478849e-20,"CTPS1"
"COAD",2980,1.7777e-13,13.376,2235.502,-7.38480827383679,9.33428154496361e-13,"GUCA2A"
"COAD",149466,3.3698e-20,37.368,123.233,-1.7215133850955,3.06835657166124e-19,"C1orf210"
"COAD",6536,5.3663e-11,11.976,34.532,-1.52778776709511,2.25873455486542e-10,"SLC6A9"
"COAD",11004,1e-20,32.7,10.416,1.65048928210717,9.45981387478849e-20,"KIF2C"
"COAD",94161,8.6396e-12,4.725,1.173,2.01011131596729,3.90949766895994e-11,"SNORD46"
"COAD",266675,1.7199e-12,1,86.245,-6.43036891474613,8.27854578131726e-12,"BEST4"
"COAD",10103,2.1941e-16,361.467,2254.504,-2.64087422166995,1.47303087060943e-15,"TSPAN1"
"COAD",8438,1e-20,9.22,2.883,1.67719591382179,9.45981387478849e-20,"RAD54L"
"COAD",260293,2.0864e-20,5.337,1.722,1.63194386859147,1.92404796701031e-19,"CYP4X1"
"COAD",2306,3.2144e-13,8.408,29.762,-1.82363690408734,1.64870704587156e-12,"FOXD2"
"COAD",7804,1e-20,6.318,1,2.65946793708479,9.45981387478849e-20,"LRP8"
"COAD",55001,2.9798e-14,22.528,88.812,-1.97903538310514,1.67556619059593e-13,"TTC22"
"COAD",255738,1e-20,40.558,4.024,3.33328430152248,9.45981387478849e-20,"PCSK9"
"COAD",4070,9.7202e-19,15.252,1.881,3.01942668220292,7.95363456275156e-18,"TACSTD2"
"COAD",105378763,4.7982e-11,3.606,1,1.85039939677025,2.0314681294964e-10,"LINC01748"
"COAD",5236,1e-20,55.76,173.173,-1.63491154571693,9.45981387478849e-20,"PGM1"
"COAD",5567,1e-20,33.798,141.458,-2.06536398653237,9.45981387478849e-20,"PRKACB"
"COAD",1179,2.9441e-14,13.266,1418.589,-6.74057942461285,1.65715852756104e-13,"CLCA1"
"COAD",253152,1e-20,12.544,1,3.64892555945312,9.45981387478849e-20,"EPHX4"
"COAD",1806,3.3229e-13,4.245,15.748,-1.89133215871864,1.7016261209068e-12,"DPYD"
"COAD",8556,2.5455e-12,4.717,15.337,-1.70107480551823,1.21401186820218e-11,"CDC14A"
"COAD",1301,1e-20,10.03,1,3.32624970083746,9.45981387478849e-20,"COL11A1"
"COAD",2949,5.6422e-13,1.27,10.012,-2.9788297940288,2.83797837606838e-12,"GSTM5"
"COAD",5016,1e-20,6.151,1.973,1.64043001988005,9.45981387478849e-20,"OVGP1"
"COAD",100506392,5.1333e-18,8.162,2.158,1.91922784577008,3.97355444444444e-17,"SLC16A1-AS1"
"COAD",54855,7.2043e-13,8.491,41.051,-2.27341098877073,3.59058972364609e-12,"TENT5C"
"COAD",3158,1.1054e-11,96.131,952.328,-3.30838490435898,4.95888870611835e-11,"HMGCS2"
"COAD",10628,2.7967e-13,372.975,1080.159,-1.53409285655096,1.44273591926182e-12,"TXNIP"
"COAD",2330,1.4562e-13,17.429,86.123,-2.30490877878644,7.70404556422995e-13,"FMO5"
"COAD",8991,4.9424e-13,221.476,1909.047,-3.10763034545186,2.49891230386615e-12,"SELENBP1"
"COAD",6282,1e-20,1803.26,434.356,2.0536575527957,9.45981387478849e-20,"S100A11"
"COAD",3570,5.6699e-20,5.022,36.159,-2.84802084593951,5.06576003595685e-19,"IL6R"
"COAD",126669,9.9454e-11,1,3.673,-1.87695889606957,4.09366795877048e-10,"SHE"
"COAD",51043,2.0557e-16,51.264,165.268,-1.68878945201533,1.38552197408077e-15,"ZBTB7B"
"COAD",1944,1e-20,17.928,5.474,1.71154721414544,9.45981387478849e-20,"EFNA3"
"COAD",284618,9.1247e-16,7.283,2.353,1.63003152458591,5.81852483889364e-15,"RUSC1-AS1"
"COAD",92312,1e-20,5.895,1,2.55949181320504,9.45981387478849e-20,"MEX3A"
"COAD",128239,1e-20,29.089,6.924,2.07079607157673,9.45981387478849e-20,"IQGAP3"
"COAD",912,2.8282e-14,1.714,6.22,-1.85954747090546,1.59312434760705e-13,"CD1D"
"COAD",57863,1.3529e-11,1,8.052,-3.00934717225925,6.00891811320755e-11,"CADM3"
"COAD",57549,2.004e-11,10.956,43.59,-1.99227603253598,8.77186376981797e-11,"IGSF9"
"COAD",100505633,3.6422e-12,26.466,103.419,-1.96628918862491,1.70934981322141e-11,"LINC01133"
"COAD",962,2.2052e-11,4.78,18.849,-1.97940546259915,9.61866346791496e-11,"CD48"
"COAD",57823,3.2061e-11,9.104,49.839,-2.45270265878467,1.37986940531178e-10,"SLAMF7"
"COAD",81607,1e-20,13.244,3.462,1.93566128603036,9.45981387478849e-20,"NECTIN4"
"COAD",83540,1e-20,23.264,6.314,1.88147300860661,9.45981387478849e-20,"NUF2"
"COAD",10223,1.3673e-17,179.397,814.215,-2.18225403527182,1.02127354375417e-16,"GPA33"
"COAD",92241,2.3467e-13,4.239,14.025,-1.72620489932842,1.21931347815985e-12,"RCSD1"
"COAD",2329,4.3718e-14,3.429,11.85,-1.78902724973735,2.41996444059406e-13,"FMO4"
"COAD",6004,1e-20,19.298,3.623,2.41319462676598,9.45981387478849e-20,"RGS16"
"COAD",339479,6.8543e-12,1,9.545,-3.25474519762921,3.13525692166087e-11,"BRINP3"
"COAD",259266,1e-20,9.02,2.899,1.63757210008135,9.45981387478849e-20,"ASPM"
"COAD",2494,1e-20,4.875,28.268,-2.53569569014036,9.45981387478849e-20,"NR5A2"
"COAD",9928,1e-20,4.895,1.072,2.19100395403328,9.45981387478849e-20,"KIF14"
"COAD",29089,1e-20,72.706,24.606,1.56306427672386,9.45981387478849e-20,"UBE2T"
"COAD",1116,1.064e-20,28.018,1.479,4.24366001845242,1.00397603375527e-19,"CHI3L1"
"COAD",10446,7.1884e-11,1.227,27.387,-4.480284086294,2.99077561302326e-10,"LRRN2"
"COAD",93273,1e-20,3.879,1,1.95568477586932,9.45981387478849e-20,"LEMD1"
"COAD",440712,5.1984e-13,1,4.554,-2.18713429147454,2.62218027289129e-12,"RHEX"
"COAD",5284,5.8115e-17,1007.304,6400.002,-2.66757320775893,4.10235399305556e-16,"PIGR"
"COAD",7188,1e-20,36.912,12.822,1.52546859530202,9.45981387478849e-20,"TRAF5"
"COAD",4751,1e-20,38.391,12.673,1.59901005458651,9.45981387478849e-20,"NEK2"
"COAD",55248,1e-20,11.683,3.902,1.58212509881118,9.45981387478849e-20,"TMEM206"
"COAD",5629,1e-20,10.864,3.127,1.79670426031969,9.45981387478849e-20,"PROX1"
"COAD",1063,1e-20,20.162,5.621,1.84274003622142,9.45981387478849e-20,"CENPF"
"COAD",79762,2.6634e-11,23.64,122.149,-2.36934011208109,1.1538476210771e-10,"C1orf115"
"COAD",11221,2.4343e-18,18.261,5.666,1.68836326482087,1.93386326465364e-17,"DUSP10"
"COAD",183,1e-20,20.548,6.266,1.71338130397591,9.45981387478849e-20,"AGT"
"COAD",375061,1e-20,14.39,3.857,1.8995155409989,9.45981387478849e-20,"FAM89A"
"COAD",2786,1e-20,12.864,3.395,1.92185583204683,9.45981387478849e-20,"GNG4"
"COAD",64388,6.2123e-13,1,24.038,-4.58724496139765,3.11352902061856e-12,"GREM2"
"COAD",9156,1e-20,11.215,3.506,1.6775317192141,9.45981387478849e-20,"EXO1"
"COAD",55657,1e-20,28.145,9.739,1.53103309903047,9.45981387478849e-20,"ZNF692"
"COAD",285016,3.2942e-12,1,4.827,-2.27112682678252,1.55058292149021e-11,"ALKAL2"
"COAD",29841,1e-20,4.089,1,2.03174806286428,9.45981387478849e-20,"GRHL1"
"COAD",6241,1e-20,105.341,32.503,1.69642227118695,9.45981387478849e-20,"RRM2"
"COAD",245973,1e-20,3.523,1,1.81680447483288,9.45981387478849e-20,"ATP6V1C2"
"COAD",7447,1e-20,27.584,4.562,2.59609332777696,9.45981387478849e-20,"VSNL1"
"COAD",114818,6.9237e-17,6.05,1.993,1.60199343221026,4.84009700218818e-16,"KLHL29"
"COAD",1058,1e-20,21.325,7.385,1.52987591544086,9.45981387478849e-20,"CENPA"
"COAD",10669,1e-20,34.087,2.517,3.75944451173038,9.45981387478849e-20,"CGREF1"
"COAD",8884,1e-20,79.225,27.056,1.55000718974697,9.45981387478849e-20,"SLC5A6"
"COAD",151393,5.4847e-19,6.698,25.174,-1.91013218928155,4.58178356742622e-18,"RMDN2"
"COAD",7360,7.7073e-18,112.182,446.345,-1.99231805583383,5.87852489427012e-17,"UGP2"
"COAD",150726,1e-20,6.689,1.662,2.00887016315663,9.45981387478849e-20,"FBXO41"
"COAD",10797,1e-20,40.721,14.273,1.51248438809628,9.45981387478849e-20,"MTHFD2"
"COAD",84141,1e-20,11.183,1,3.4832353586083,9.45981387478849e-20,"EVA1A"
"COAD",54884,6.395e-15,78.775,292.915,-1.89467232029408,3.78437112992855e-14,"RETSAT"
"COAD",2168,1.1412e-14,924.736,13411.318,-3.85826566123599,6.61328209380669e-14,"FABP1"
"COAD",150696,5.2932e-12,11.478,49.699,-2.11434554390847,2.4497481705298e-11,"PROM2"
"COAD",26504,2.9888e-13,37.534,130.435,-1.79706109243788,1.53722480220791e-12,"CNNM4"
"COAD",6549,2.6155e-18,7.782,44.568,-2.51779533568372,2.07045757522124e-17,"SLC9A2"
"COAD",6819,4.702e-16,8.306,1.152,2.85001315498248,3.06920099241098e-15,"SULT1C2"
"COAD",10913,1e-20,7.548,1.582,2.25434482312765,9.45981387478849e-20,"EDAR"
"COAD",7851,3.9817e-16,8.626,60.949,-2.82083892932613,2.61429116559013e-15,"MALL"
"COAD",699,1e-20,28.701,9.226,1.63732380662892,9.45981387478849e-20,"BUB1"
"COAD",541471,1e-20,9.363,2.215,2.07966415919799,9.45981387478849e-20,"MIR4435-2HG"
"COAD",150468,1e-20,8.758,2.603,1.75042613804854,9.45981387478849e-20,"CKAP2L"
"COAD",3557,1.7156e-12,17.557,4.735,1.89061001891459,8.26140456503015e-12,"IL1RN"
"COAD",389023,5.6869e-12,1,13.012,-3.70177082237905,2.62435296533223e-11,"DPP10-AS1"
"COAD",140738,7.9825e-14,14.369,193.603,-3.75206974115102,4.32338695810124e-13,"TMEM37"
"COAD",29798,1e-20,5.563,1.453,1.93682840262077,9.45981387478849e-20,"C2orf27A"
"COAD",2191,1e-20,9.273,1,3.21303615491729,9.45981387478849e-20,"FAP"
"COAD",6335,1.661e-14,1,3.759,-1.91034891538093,9.51458580942623e-14,"SCN9A"
"COAD",8708,4.8555e-15,1,6.235,-2.64038956005495,2.90485678170144e-14,"B3GALT1"
"COAD",10170,4.0107e-14,7.361,249.851,-5.0850224107667,2.23057160159164e-13,"DHRS9"
"COAD",389058,1e-20,8.583,1.127,2.92899448287212,9.45981387478849e-20,"SP5"
"COAD",83879,1e-20,137.267,40.468,1.76213137728638,9.45981387478849e-20,"CDCA7"
"COAD",401022,7.4454e-20,3.683,28.778,-2.96601302946582,6.59411802772277e-19,"HAGLR"
"COAD",1290,1e-20,60.51,16.839,1.84536711953838,9.45981387478849e-20,"COL5A2"
"COAD",84281,2.8991e-19,3.654,66.204,-4.17936984722676,2.47358158336513e-18,"C2orf88"
"COAD",57181,1e-20,18.906,5.079,1.8962277811219,9.45981387478849e-20,"SLC39A10"
"COAD",6556,1e-20,4.411,1.073,2.0394556843357,9.45981387478849e-20,"SLC11A1"
"COAD",130340,1e-20,8.32,2.179,1.93291733191255,9.45981387478849e-20,"AP1S3"
"COAD",5270,1e-20,90.41,29.31,1.62508938594616,9.45981387478849e-20,"SERPINE2"
"COAD",55022,1e-20,13.527,55.591,-2.03900941846392,9.45981387478849e-20,"PID1"
"COAD",81618,1e-20,397.538,2584.481,-2.70070991931127,9.45981387478849e-20,"ITM2C"
"COAD",54576,1.5711e-12,1,13.394,-3.74351496805007,7.59500849546044e-12,"UGT1A8"
"COAD",54575,2.9358e-15,1.984,44.095,-4.47413114480563,1.7947866429743e-14,"UGT1A10"
"COAD",55355,1e-20,21.776,6.686,1.70352371188659,9.45981387478849e-20,"HJURP"
"COAD",55502,1e-20,93.596,32.41,1.53000785420128,9.45981387478849e-20,"HES6"
"COAD",129807,9.815e-14,5.558,50.508,-3.18387417586165,5.28134853224254e-13,"NEU4"
"COAD",152330,2.7697e-14,1,5.477,-2.45338588036645,1.5617448587998e-13,"CNTN4"
"COAD",8553,1e-20,137.81,47.898,1.52464325706644,9.45981387478849e-20,"BHLHE40"
"COAD",3656,1e-20,9.172,3.024,1.60077821535972,9.45981387478849e-20,"IRAK2"
"COAD",6533,1e-20,47.43,5.664,3.06590669788389,9.45981387478849e-20,"SLC6A6"
"COAD",23228,3.0686e-18,2.851,21.731,-2.93021462045955,2.41624304118268e-17,"PLCL2"
"COAD",8850,2.0975e-19,6.604,19.614,-1.57047175757516,1.80617606854062e-18,"KAT2B"
"COAD",151648,1e-20,7.377,2.466,1.5808614359144,9.45981387478849e-20,"SGO1"
"COAD",7068,2.0798e-11,1.836,10.907,-2.57061637516711,9.09297505376344e-11,"THRB"
"COAD",9881,6.1952e-11,7.342,30.47,-2.0531444804743,2.59153119341564e-10,"TRANK1"
"COAD",50853,1.9884e-16,47.26,171.894,-1.8628276536649,1.34178e-15,"VILL"
"COAD",5333,8.2195e-15,12.943,80.661,-2.63969923984803,4.81815671035387e-14,"PLCD1"
"COAD",7433,4.5805e-14,23.179,90.814,-1.97009639611936,2.53047730978261e-13,"VIPR1"
"COAD",25994,1.5651e-14,37.293,119.724,-1.68273562232402,8.9859643902439e-14,"HIGD1A"
"COAD",1238,3.2357e-12,1,3.466,-1.79327165449808,1.52497279452055e-11,"ACKR2"
"COAD",7123,4.88e-16,2.955,62.06,-4.39243366135119,3.17982051282051e-15,"CLEC3B"
"COAD",729230,1.7605e-11,1.011,7.266,-2.84537836851247,7.74848681361937e-11,"CCR2"
"COAD",6997,1e-20,23.974,3.56,2.75152149270847,9.45981387478849e-20,"TDGF1"
"COAD",1294,1e-20,6.944,1.11,2.64520727120701,9.45981387478849e-20,"COL7A1"
"COAD",1951,1e-20,4.96,1,2.31034012061215,9.45981387478849e-20,"CELSR3"
"COAD",788,1e-20,25.107,85.791,-1.77273665482656,9.45981387478849e-20,"SLC25A20"
"COAD",4485,1.1664e-16,4.516,1.423,1.66610982424652,8.02097269372694e-16,"MST1"
"COAD",109616991,3.1885e-14,7.642,2.353,1.69944893713321,1.78976971636546e-13,"SNORD19C"
"COAD",1776,5.8514e-15,1.372,48.7,-5.14956938568425,3.47648401168969e-14,"DNASE1L3"
"COAD",11170,4.0682e-11,1.372,19.969,-3.86340970123295,1.73719985869773e-10,"FAM107A"
"COAD",131177,2.1743e-11,163.687,503.44,-1.62088010031117,9.48758456585366e-11,"FAM3D"
"COAD",8618,1e-20,7.498,2.353,1.67200450506379,9.45981387478849e-20,"CADPS"
"COAD",317649,1e-20,4.406,15.905,-1.85193897172599,9.45981387478849e-20,"EIF4E3"
"COAD",5067,1.793e-13,1,4.379,-2.13060144979056,9.40799131862975e-13,"CNTN3"
"COAD",2838,6.0434e-13,1,18.62,-4.21878116778407,3.03431868432869e-12,"GPR15"
"COAD",1295,1.1228e-18,15.918,3.364,2.24240947069471,9.1306096e-18,"COL8A1"
"COAD",84319,1e-20,17.473,5.447,1.68159355854808,9.45981387478849e-20,"CMSS1"
"COAD",11148,3.4564e-16,23.465,234.422,-3.32052560445848,2.27943005603067e-15,"HHLA2"
"COAD",57650,1e-20,9.511,3.154,1.59241437593057,9.45981387478849e-20,"CIP2A"
"COAD",10721,1e-20,3.918,1.239,1.66094121012699,9.45981387478849e-20,"POLQ"
"COAD",11343,6.6999e-16,94.07,272.263,-1.53319432686759,4.32159976059994e-15,"MGLL"
"COAD",80111,1.564e-13,28.183,148.005,-2.39274881901995,8.25093937249351e-13,"SLCO2A1"
"COAD",5523,1.7291e-20,3.49,12.914,-1.88763699065033,1.60381017420158e-19,"PPP2R3A"
"COAD",285195,5.0405e-16,1.516,7.303,-2.26821947706361,3.28248985148515e-15,"SLC9A9"
"COAD",1359,1.2706e-11,6.004,35.931,-2.58123320564749,5.65348742538798e-11,"CPA3"
"COAD",9934,3.4306e-12,1.552,10.609,-2.77308821217931,1.6130888940286e-11,"P2RY14"
"COAD",5028,1e-20,2.735,15.823,-2.53241041887365,9.45981387478849e-20,"P2RY1"
"COAD",79782,1.5928e-12,11.043,34.722,-1.6527178943862,7.6958865845755e-12,"LRRC31"
"COAD",200916,1e-20,67.604,20.065,1.75242745443448,9.45981387478849e-20,"RPL22L1"
"COAD",56648,1e-20,4.859,1.454,1.74063216319769,9.45981387478849e-20,"EIF5A2"
"COAD",1894,1e-20,54.186,13.903,1.96252392920419,9.45981387478849e-20,"ECT2"
"COAD",1181,2.8151e-12,17.876,54.028,-1.59568332765029,1.33518730222694e-11,"CLCN2"
"COAD",2049,1e-20,93.316,32.573,1.51844786812631,9.45981387478849e-20,"EPHB3"
"COAD",9076,1e-20,68.356,2.351,4.86172153294259,9.45981387478849e-20,"CLDN1"
"COAD",131578,5.2133e-16,4.634,1.167,1.98945348315747,3.39008513812155e-15,"LRRC15"
"COAD",80235,1.1343e-11,22.066,95.592,-2.11506475583586,5.08343705410822e-11,"PIGZ"
"COAD",100507057,1e-20,3.258,1,1.70398660386343,9.45981387478849e-20,"MELTF-AS1"
"COAD",53834,1e-20,46.717,14.636,1.67442631164561,9.45981387478849e-20,"FGFRL1"
"COAD",55646,1e-20,56.678,18.464,1.61807372159127,9.45981387478849e-20,"LYAR"
"COAD",27065,6.1464e-15,2.587,8.513,-1.71838757641029,3.64111107814569e-14,"NSG1"
"COAD",4487,1.2649e-18,5.292,1,2.40381306161659,1.02637731132075e-17,"MSX1"
"COAD",6286,1e-20,952.236,120.331,2.98431081067517,9.45981387478849e-20,"S100P"
"COAD",64151,1e-20,12.404,4.252,1.54459192908152,9.45981387478849e-20,"NCAPG"
"COAD",10891,5.9773e-15,4.194,15.395,-1.87606310083559,3.54751485934183e-14,"PPARGC1A"
"COAD",55286,4.138e-17,11.856,36.739,-1.63169500546547,2.95401453878072e-16,"C4orf19"
"COAD",768211,7.598e-12,11.759,34.963,-1.57206360378051,3.4633932735426e-11,"RELL1"
"COAD",7358,3.2177e-15,56.562,204.091,-1.85130752480806,1.96069278201635e-14,"UGDH"
"COAD",201895,4.7796e-20,25.342,86.733,-1.77505062465193,4.30471988723319e-19,"SMIM14"
"COAD",80157,2.1093e-16,1,49.374,-5.6256796236285,1.41950875413783e-15,"CWH43"
"COAD",3815,3.9121e-12,2.476,12.031,-2.28067334263985,1.83216462939698e-11,"KIT"
"COAD",10874,1e-20,7.572,2.184,1.79370155478385,9.45981387478849e-20,"NMU"
"COAD",5471,1e-20,19.634,5.781,1.76396314298252,9.45981387478849e-20,"PPAT"
"COAD",79799,7.4632e-17,2.481,100.514,-5.34033091439531,5.20747399687988e-16,"UGT2A3"
"COAD",27284,1.7107e-18,14.834,121.912,-3.03886056056897,1.37563409205322e-17,"SULT1B1"
"COAD",3512,5.1666e-12,120.334,6022.885,-5.64533847834412,2.39412921259843e-11,"JCHAIN"
"COAD",8671,8.7289e-18,1.564,92.417,-5.88484584037487,6.63734752465148e-17,"SLC4A4"
"COAD",2919,1e-20,105.238,12.973,3.02007169030196,9.45981387478849e-20,"CXCL1"
"COAD",2921,1e-20,65.909,8.245,2.99888408267669,9.45981387478849e-20,"CXCL3"
"COAD",2920,1e-20,34.285,8.011,2.09752327395871,9.45981387478849e-20,"CXCL2"
"COAD",2069,1e-20,21.3,2.799,2.92787003842765,9.45981387478849e-20,"EREG"
"COAD",374,1e-20,139.964,34.379,2.02545631462823,9.45981387478849e-20,"AREG"
"COAD",25849,1.6191e-14,75.583,226.08,-1.58069968325779,9.28408546153846e-14,"PARM1"
"COAD",27163,5.8267e-15,33.031,162.734,-2.30062315224929,3.46457038287689e-14,"NAAA"
"COAD",6373,5.1415e-12,12.982,1.212,3.42105105736498,2.38299201036269e-11,"CXCL11"
"COAD",8987,7.3969e-15,2.149,7.457,-1.79492985875846,4.35193040515654e-14,"STBD1"
"COAD",651,1.0271e-14,1,27.938,-4.80415684099774,5.97063615804523e-14,"BMP3"
"COAD",51316,2.1092e-13,43.151,442.073,-3.3568187245601,1.1005142230518e-12,"PLAC8"
"COAD",84803,1.3242e-18,5.283,32.789,-2.6337825880382,1.07293784782609e-17,"GPAT3"
"COAD",6696,2.872e-19,82.452,9.031,3.19059683800736,2.45233050782741e-18,"SPP1"
"COAD",27306,1.6412e-13,1,6.198,-2.63180275492413,8.64597305064782e-13,"HPGDS"
"COAD",8633,6.4669e-13,1,3.339,-1.73941609340103,3.23605470351309e-12,"UNC5C"
"COAD",10098,1e-20,18.376,6.313,1.54142510561494,9.45981387478849e-20,"TSPAN5"
"COAD",130,1.0071e-13,4.748,18.274,-1.94440062028421,5.41388877403846e-13,"ADH6"
"COAD",125,1.0888e-12,1,65.167,-6.0260696760816,5.34082790085545e-12,"ADH1B"
"COAD",126,1.8752e-15,12.63,671.971,-5.73347242826151,1.1626032048794e-14,"ADH1C"
"COAD",1062,1e-20,6.495,1.988,1.70801176877296,9.45981387478849e-20,"CENPE"
"COAD",51176,1e-20,10.122,2.263,2.16118588974183,9.45981387478849e-20,"LEF1"
"COAD",4085,1e-20,24.933,8.349,1.57838116739266,9.45981387478849e-20,"MAD2L1"
"COAD",23657,1e-20,5.615,1,2.48928602262588,9.45981387478849e-20,"SLC7A11"
"COAD",1909,2.671e-17,8.586,2.392,1.84376878324972,1.94249017886179e-16,"EDNRA"
"COAD",4306,1e-20,7.588,60.74,-3.00085532464335,9.45981387478849e-20,"NR3C2"
"COAD",84057,1e-20,18.063,5.549,1.7027378151538,9.45981387478849e-20,"MND1"
"COAD",2110,1e-20,16.474,56.892,-1.78803490506551,9.45981387478849e-20,"ETFDH"
"COAD",3248,5.6319e-16,19.562,204.976,-3.38932921626824,3.65212623369093e-15,"HPGD"
"COAD",7098,2.6056e-15,3.785,14.567,-1.94433858691984,1.59816326933626e-14,"TLR3"
"COAD",55722,1e-20,8.948,2.159,2.05120201303661,9.45981387478849e-20,"CEP72"
"COAD",9319,1e-20,32.802,6.122,2.42170883139375,9.45981387478849e-20,"TRIP13"
"COAD",85409,1e-20,17.553,1.189,3.88389700379477,9.45981387478849e-20,"NKD2"
"COAD",134147,1.0272e-16,41.294,159.544,-1.94995027491328,7.08334061054579e-16,"CMBL"
"COAD",81792,1e-20,7.25,1,2.85798099512757,9.45981387478849e-20,"ADAMTS12"
"COAD",5734,6.6022e-16,15.131,48.814,-1.68978763867391,4.26226901270208e-15,"PTGER4"
"COAD",56477,3.2753e-18,20.187,145.903,-2.85351111559601,2.57272686687741e-17,"CCL28"
"COAD",375444,1e-20,3.359,1.078,1.63967461748199,9.45981387478849e-20,"C5orf34"
"COAD",3673,1e-20,34.602,10.452,1.72707639845826,9.45981387478849e-20,"ITGA2"
"COAD",11082,1e-20,8.956,1,3.16285452819051,9.45981387478849e-20,"ESM1"
"COAD",10309,1e-20,15.689,1.866,3.07173250810263,9.45981387478849e-20,"CCNO"
"COAD",8611,1e-20,25.528,101.582,-1.99249236504545,9.45981387478849e-20,"PLPP1"
"COAD",166968,4.7714e-11,15.543,56.506,-1.86213907652477,2.02126952453116e-10,"MIER3"
"COAD",105378992,4.0877e-12,1,4.866,-2.28273632027634,1.91161093893768e-11,"LINC02057"
"COAD",134285,9.196e-15,24.605,133.733,-2.44233208769401,5.36665313152401e-14,"TMEM171"
"COAD",8507,1e-20,96.68,21.61,2.16151840090608,9.45981387478849e-20,"ENC1"
"COAD",10788,7.4907e-16,22.626,66.533,-1.55608853057884,4.81640379815986e-15,"IQGAP2"
"COAD",2151,1e-20,3.965,1.341,1.56401162868687,9.45981387478849e-20,"F2RL2"
"COAD",9456,1e-20,5.296,1,2.40490312214513,9.45981387478849e-20,"HOMER1"
"COAD",1462,2.2483e-15,25.288,8.608,1.55470295734787,1.38585261576626e-14,"VCAN"
"COAD",1404,1.0138e-12,1,5.772,-2.52907129982911,4.98496248900616e-12,"HAPLN1"
"COAD",10085,3.137e-17,11.051,44.462,-2.00839592112106,2.26737979961215e-16,"EDIL3"
"COAD",4208,2.0073e-12,3.692,12.077,-1.70978766687797,9.63081954516198e-12,"MEF2C"
"COAD",10622,1e-20,4.29,1.233,1.79880484798407,9.45981387478849e-20,"POLR3G"
"COAD",55521,1.2376e-13,4.996,14.543,-1.54147952397224,6.59905789222699e-13,"TRIM36"
"COAD",57556,4.6403e-19,6.294,41.957,-2.73686244259681,3.8997004472003e-18,"SEMA6A"
"COAD",6558,1e-20,198.877,70.05,1.5054194832757,9.45981387478849e-20,"SLC12A2"
"COAD",23305,1e-20,3.256,1,1.70310069960416,9.45981387478849e-20,"ACSL6"
"COAD",6584,7.7183e-12,15.477,61.151,-1.98225023895886,3.51672977393075e-11,"SLC22A5"
"COAD",6932,1e-20,45.37,10.436,2.12016981042065,9.45981387478849e-20,"TCF7"
"COAD",7045,1e-20,690.374,87.317,2.98304366377219,9.45981387478849e-20,"TGFBI"
"COAD",389332,9.2873e-17,2.098,21.015,-3.32433287346207,6.42213636054422e-16,"SMIM32"
"COAD",10112,1e-20,22.782,7.216,1.65862316108486,9.45981387478849e-20,"KIF20A"
"COAD",2908,1.3351e-14,4.781,17.08,-1.83692366416016,7.70101658498839e-14,"NR3C1"
"COAD",3360,6.8116e-11,1,5.452,-2.44678556214312,2.83875905329855e-10,"HTR4"
"COAD",154,1.6589e-13,1,3.216,-1.68526740651684,8.72483083254939e-13,"ADRB2"
"COAD",389337,2.6228e-16,6.155,17.744,-1.52750050878989,1.75190192353644e-15,"ARHGEF37"
"COAD",5145,3.4815e-12,1,4.988,-2.31846146516758,1.63667825310069e-11,"PDE6A"
"COAD",1836,1.1959e-12,13.21,616.495,-5.54438682219358,5.85205945295405e-12,"SLC26A2"
"COAD",11346,3.0075e-17,23.074,76.319,-1.72577414346169,2.17941420933247e-16,"SYNPO"
"COAD",206358,2.5178e-11,16.88,62.085,-1.87892984524426,1.09267536192509e-10,"SLC36A1"
"COAD",6678,1e-20,540.339,187.721,1.52527476418078,9.45981387478849e-20,"SPARC"
"COAD",100190949,2.4555e-11,2.179,7.719,-1.82474776133905,1.06708796152351e-10,"C5orf52"
"COAD",114898,7.1065e-13,1.562,5.361,-1.77910768162067,3.54421631355932e-12,"C1QTNF2"
"COAD",64901,2.6443e-20,3.239,1.023,1.66274232304986,2.42553244052502e-19,"RANBP17"
"COAD",54492,5.2532e-14,18.564,56.594,-1.60814150645964,2.8846238497422e-13,"NEURL1B"
"COAD",8614,1e-20,13.017,1,3.70232508687581,9.45981387478849e-20,"STC2"
"COAD",4488,1e-20,12.82,1,3.68032435684402,9.45981387478849e-20,"MSX2"
"COAD",80758,1e-20,9.165,1.498,2.6130972569685,9.45981387478849e-20,"PRR7"
"COAD",9509,1e-20,17.368,4.012,2.11403812000296,9.45981387478849e-20,"ADAMTS2"
"COAD",4056,2.2191e-13,1.637,5.542,-1.75935238900726,1.15543034458673e-12,"LTC4S"
"COAD",79908,3.5999e-11,6.13,107.404,-4.13101683984031,1.54384031831256e-10,"BTNL8"
"COAD",10917,5.0983e-15,8.739,94.276,-3.43135044102375,3.04604015228426e-14,"BTNL3"
"COAD",94234,1e-20,52.432,1,5.71237567288067,9.45981387478849e-20,"FOXQ1"
"COAD",63027,6.709e-14,14.536,48.783,-1.74674815735345,3.65935041463415e-13,"SLC22A23"
"COAD",654,2.4974e-11,1,5.514,-2.4630992673481,1.0844535184466e-10,"BMP6"
"COAD",2651,8.2764e-19,1,13.343,-3.73801116909572,6.81964381724392e-18,"GCNT2"
"COAD",84830,2.3031e-15,5.893,128.957,-4.45174401071923,1.41806787720264e-14,"ADTRP"
"COAD",6659,1e-20,90.16,25.252,1.8360898592966,9.45981387478849e-20,"SOX4"
"COAD",51567,3.6447e-15,108.32,393.857,-1.86237227286784,2.21124324742268e-14,"TDP2"
"COAD",10590,6.5971e-13,1,25.558,-4.67570303981959,3.29751782074207e-12,"SCGN"
"COAD",10050,9.536e-12,1.762,31.197,-4.14612147236986,4.30196823517547e-11,"SLC17A4"
"COAD",100507173,1e-20,3.76,1.279,1.55571639768336,9.45981387478849e-20,"AL009179.1"
"COAD",389376,1.9308e-13,5.088,1,2.34709867062227,1.00931464235624e-12,"SFTA2"
"COAD",80736,3.5242e-19,245.324,825.201,-1.7500571901411,2.98755438210766e-18,"SLC44A4"
"COAD",717,1e-20,26.355,8.756,1.58973283243595,9.45981387478849e-20,"C2"
"COAD",8705,1e-20,13.918,42.819,-1.62129919072201,9.45981387478849e-20,"B3GALT4"
"COAD",102465668,2.6918e-19,3.31,1,1.72683121703249,2.30197795028681e-18,"MIR7111"
"COAD",57699,1.43e-12,4.562,21.285,-2.22209873835693,6.94141306707185e-12,"CPNE5"
"COAD",23500,3.4409e-11,2.471,9.182,-1.89371342138358,1.47722877135727e-10,"DAAM2"
"COAD",4337,1.0262e-15,4.858,18.151,-1.90161463827503,6.51032924822695e-15,"MOCS1"
"COAD",222643,3.2931e-18,10.204,1.97,2.37286726925873,2.58580039676966e-17,"UNC5CL"
"COAD",54210,4.122e-12,3.306,1,1.72508672463023,1.92644275862069e-11,"TREM1"
"COAD",101060264,1e-20,10.267,2.246,2.19258485733556,9.45981387478849e-20,"FOXP4-AS1"
"COAD",4188,1e-20,18.694,1.502,3.63761858106612,9.45981387478849e-20,"MDFI"
"COAD",5754,1e-20,52.184,15.385,1.76208308996239,9.45981387478849e-20,"PTK7"
"COAD",221416,1e-20,15.052,1,3.91188328940579,9.45981387478849e-20,"C6orf223"
"COAD",2030,8.5414e-11,103.447,34.977,1.56441334834419,3.52940369918699e-10,"SLC29A1"
"COAD",53405,5.1086e-12,24.753,105.044,-2.08531846734579,2.3682342827529e-11,"CLIC5"
"COAD",10231,3.3794e-15,4.861,20.248,-2.0584543733221,2.05474502990756e-14,"RCAN2"
"COAD",9481,4.9642e-20,4.883,1.506,1.69704600796554,4.46199375401929e-19,"SLC25A27"
"COAD",85315,5.6341e-15,36.942,128.124,-1.79420686501585,3.3536166702156e-14,"PAQR8"
"COAD",27283,3.4922e-14,8.203,26.091,-1.66932870638007,1.95288993748437e-13,"TINAG"
"COAD",653,1.7135e-14,1,7.289,-2.86572090042324,9.80025588235294e-14,"BMP5"
"COAD",1303,1.235e-20,52.712,10.253,2.36208533171977,1.15945864819479e-19,"COL12A1"
"COAD",1300,1e-20,11.857,1,3.56766712731665,9.45981387478849e-20,"COL10A1"
"COAD",5570,3.9303e-19,7.061,194.055,-4.78044927893521,3.31923334214501e-18,"PKIB"
"COAD",10924,5.6326e-16,22.967,171.405,-2.89977486831699,3.65212623369093e-15,"SMPDL3A"
"COAD",594838,3.4397e-19,9.066,2.765,1.71318668076392,2.92256881079027e-18,"SNORD100"
"COAD",6943,5.1963e-16,1.736,9.405,-2.43766099596608,3.38198070139697e-15,"TCF21"
"COAD",113115,1e-20,13.22,4.504,1.55344344431482,9.45981387478849e-20,"MTFR2"
"COAD",10370,1e-20,27.17,96.417,-1.8272729756402,9.45981387478849e-20,"CITED2"
"COAD",134637,1e-20,6.234,2.08,1.58357462659691,9.45981387478849e-20,"ADAT2"
"COAD",79465,1e-20,4.663,1.098,2.0863803753347,9.45981387478849e-20,"ULBP3"
"COAD",25902,1e-20,38.683,6.594,2.55247389300636,9.45981387478849e-20,"MTHFD1L"
"COAD",6581,1e-20,18.004,3.775,2.25376892028575,9.45981387478849e-20,"SLC22A3"
"COAD",441178,1e-20,3.21,1,1.68257329734758,9.45981387478849e-20,"LINC02487"
"COAD",7058,8.7981e-20,22.199,4.037,2.45913919691752,7.74918906262308e-19,"THBS2"
"COAD",54905,1.9905e-11,10.8,1.715,2.65475083087802,8.71618396318778e-11,"CYP2W1"
"COAD",101927125,1e-20,19.474,1,4.28347734193776,9.45981387478849e-20,"ELFN1-AS1"
"COAD",85477,8.4574e-12,3.228,27.258,-3.07796722750012,3.83015059133252e-11,"SCIN"
"COAD",25928,4.2753e-13,5.602,19.57,-1.80462986743966,2.17341518299614e-12,"SOSTDC1"
"COAD",9734,2.6096e-12,1.778,6.244,-1.81221521314814,1.24246295081967e-11,"HDAC9"
"COAD",7291,1e-20,4.249,1.303,1.70528625974515,9.45981387478849e-20,"TWIST1"
"COAD",346389,1e-20,19.631,3.468,2.50095786165819,9.45981387478849e-20,"MACC1"
"COAD",26031,1e-20,17.718,4.59,1.94864970355394,9.45981387478849e-20,"OSBPL3"
"COAD",136895,2.5809e-16,3.332,11.45,-1.78088729250612,1.72442983866149e-15,"C7orf31"
"COAD",9603,1e-20,90.323,13.9,2.70000852182073,9.45981387478849e-20,"NFE2L3"
"COAD",23366,1e-20,4.065,1.193,1.76866130926716,9.45981387478849e-20,"KIAA0895"
"COAD",54443,1e-20,34.646,6.546,2.40400329037139,9.45981387478849e-20,"ANLN"
"COAD",6424,5.2225e-18,16.62,2.261,2.87788748490618,4.03980517122103e-17,"SFRP4"
"COAD",79783,1.2204e-14,3.335,17.355,-2.37959269864406,7.06492498058504e-14,"SUGCT"
"COAD",3624,5.3984e-17,15.476,1,3.95196072878113,3.81918440999684e-16,"INHBA"
"COAD",285958,1e-20,82.228,22.532,1.8676543625052,9.45981387478849e-20,"SNHG15"
"COAD",222008,1.1222e-12,1,4.955,-2.30888505741176,5.49983751917598e-12,"VSTM2A"
"COAD",51085,1e-20,27.135,2.809,3.27202637910336,9.45981387478849e-20,"MLXIPL"
"COAD",6804,1e-20,10.343,2.499,2.04923189530309,9.45981387478849e-20,"STX1A"
"COAD",9569,1e-20,58.867,12.233,2.26668085509037,9.45981387478849e-20,"GTF2IRD1"
"COAD",7784,1e-20,18.706,6.244,1.58295865024338,9.45981387478849e-20,"ZP3"
"COAD",10875,1.2914e-18,8.658,58.349,-2.75260222520711,1.04674078289235e-17,"FGL2"
"COAD",948,4.9839e-11,4.543,40.045,-3.13990490914239,2.10530705893464e-10,"CD36"
"COAD",154661,4.1671e-12,1,4.85,-2.27798474729977,1.9464403968254e-11,"RUNDC3B"
"COAD",6717,2.0706e-12,193.529,635.483,-1.71530376374002,9.92813632075472e-12,"SRI"
"COAD",563,1e-20,117.463,16.894,2.79762352853541,9.45981387478849e-20,"AZGP1"
"COAD",101752399,1e-20,7.47,2.355,1.66538118317645,9.45981387478849e-20,"STAG3L5P-PVRIG2P-PILRB"
"COAD",29990,1.7149e-17,5.53,1.612,1.7784277365941,1.26945742138365e-16,"PILRB"
"COAD",7036,1e-20,3.667,1,1.87460026604958,9.45981387478849e-20,"TFR2"
"COAD",105375430,1e-20,6.144,1.616,1.92675101796936,9.45981387478849e-20,"SLC12A9-AS1"
"COAD",54517,1e-20,26.259,7.177,1.8713591504803,9.45981387478849e-20,"PUS7"
"COAD",5577,1.5625e-14,3.292,14.261,-2.11503890812266,8.97334039548023e-14,"PRKAR2B"
"COAD",1811,5.2832e-12,26.288,3009.547,-6.83899815181195,2.44562619747464e-11,"SLC26A3"
"COAD",4233,1e-20,70.926,18.99,1.9010746810044,9.45981387478849e-20,"MET"
"COAD",7472,1e-20,4.853,1,2.27887686010211,9.45981387478849e-20,"WNT2"
"COAD",154860,1e-20,3.112,1,1.6378420603241,9.45981387478849e-20,"FEZF1-AS1"
"COAD",3614,1e-20,94.147,32.338,1.54168466842479,9.45981387478849e-20,"IMPDH1"
"COAD",29923,1e-20,49.765,9.232,2.43041631442745,9.45981387478849e-20,"HILPDA"
"COAD",23382,5.5856e-16,32.409,256.626,-2.98520093292954,3.62480478235636e-15,"AHCYL2"
"COAD",57464,1e-20,4.07,1,2.02502879449152,9.45981387478849e-20,"STRIP2"
"COAD",100287482,1e-20,3.59,1,1.84398384404833,9.45981387478849e-20,"SMKR1"
"COAD",57016,8.4261e-15,10.449,203.774,-4.28553320254944,4.93538172603457e-14,"AKR1B10"
"COAD",5764,1.5511e-11,3.032,17.193,-2.50347964346587,6.85518760869565e-11,"PTN"
"COAD",57670,1e-20,5.905,1.106,2.41658567404981,9.45981387478849e-20,"KIAA1549"
"COAD",92092,1e-20,9.721,2.253,2.10925741803892,9.45981387478849e-20,"ZC3HAV1L"
"COAD",79989,1e-20,6.555,1.693,1.95301380721348,9.45981387478849e-20,"TTC26"
"COAD",27147,1e-20,4.688,14.066,-1.58516764754566,9.45981387478849e-20,"DENND2A"
"COAD",155038,9.7384e-13,3.229,11.948,-1.88760979669681,4.799026866461e-12,"GIMAP8"
"COAD",168537,4.3636e-12,8.887,30.787,-1.79255289936752,2.03425446737544e-11,"GIMAP7"
"COAD",474344,9.7271e-13,6.413,19.961,-1.63811268588695,4.79451481816178e-12,"GIMAP6"
"COAD",170575,1.0429e-12,1.139,4.243,-1.89731693158262,5.1201696377607e-12,"GIMAP1"
"COAD",26,3.6749e-15,157.047,764.879,-2.28403515469445,2.22896090859778e-14,"AOC1"
"COAD",7516,1e-20,5.159,1.068,2.27217979946512,9.45981387478849e-20,"XRCC2"
"COAD",6469,1e-20,39.118,8.662,2.17506053347137,9.45981387478849e-20,"SHH"
"COAD",645249,1e-20,8.736,2.575,1.76240042396191,9.45981387478849e-20,"MNX1-AS1"
"COAD",54892,1e-20,25.968,9.122,1.50931282969022,9.45981387478849e-20,"NCAPG2"
"COAD",285,1e-20,3.8,1.22,1.63911827076806,9.45981387478849e-20,"ANGPT2"
"COAD",137075,1.3004e-11,13.184,123.458,-3.22716027248582,5.78262978723404e-11,"CLDN23"
"COAD",9,4.2463e-14,10.309,29.539,-1.51871659228573,2.35340785377943e-13,"NAT1"
"COAD",10,8.9401e-17,7.396,31.14,-2.0739518145622,6.19353953841388e-16,"NAT2"
"COAD",2675,2.2941e-14,1,3.792,-1.92295896423617,1.29880907088608e-13,"GFRA2"
"COAD",10361,1e-20,3.946,1.356,1.54103377758721,9.45981387478849e-20,"NPM2"
"COAD",4017,1e-20,34.592,10.577,1.70950794051222,9.45981387478849e-20,"LOXL2"
"COAD",6781,1e-20,9.023,1.555,2.53669260540129,9.45981387478849e-20,"STC1"
"COAD",27299,2.2192e-14,20.49,319.832,-3.96432240186335,1.25767789153573e-13,"ADAMDEC1"
"COAD",286133,6.8407e-18,1,60.199,-5.91166761663939,5.23899226369863e-17,"SCARA5"
"COAD",7976,2.3595e-17,2.955,1,1.56315813040281,1.71930591397849e-16,"FZD3"
"COAD",1846,1e-20,8.938,1.66,2.42876880316072,9.45981387478849e-20,"DUSP4"
"COAD",100507420,1e-20,3.942,1,1.9789277763814,9.45981387478849e-20,"AC124067.2"
"COAD",389658,1e-20,2.846,1,1.5089356618644,9.45981387478849e-20,"ALKAL1"
"COAD",9760,7.5802e-13,3.756,13.876,-1.88532277763261,3.77373135796972e-12,"TOX"
"COAD",23213,1e-20,84.757,14.917,2.50637510368965,9.45981387478849e-20,"SULF1"
"COAD",56704,1e-20,19.218,4.968,1.95172112527536,9.45981387478849e-20,"JPH1"
"COAD",11075,1.1519e-16,1.472,28.21,-4.26035708941592,7.92369723162104e-16,"STMN2"
"COAD",759,8.3458e-11,1,1271.393,-10.3121943350778,3.45304579833488e-10,"CA1"
"COAD",760,2.6295e-17,30.267,2221.084,-6.19737446009105,1.91355380735438e-16,"CA2"
"COAD",8767,1e-20,26.565,9.178,1.53327500094816,9.45981387478849e-20,"RIPK2"
"COAD",4147,1.6588e-11,21.614,81.565,-1.91598412682635,7.31671487179487e-11,"MATN2"
"COAD",115908,1e-20,51.249,4.391,3.54490241461921,9.45981387478849e-20,"CTHRC1"
"COAD",5168,4.9054e-12,10.602,36.053,-1.76578286658732,2.27733984222545e-11,"ENPP2"
"COAD",79075,1e-20,16.546,4.149,1.99564692494285,9.45981387478849e-20,"DSCC1"
"COAD",27085,1e-20,6.762,1.876,1.849790188378,9.45981387478849e-20,"MTBP"
"COAD",6641,1e-20,27.882,5.733,2.28197186653327,9.45981387478849e-20,"SNTB1"
"COAD",29028,1e-20,26.465,7.33,1.85220055050106,9.45981387478849e-20,"ATAD2"
"COAD",6713,1e-20,82.926,20.827,1.9933694614135,9.45981387478849e-20,"SQLE"
"COAD",103164619,7.1364e-16,129.55,3.264,5.31072414798332,4.59123455696203e-15,"CASC19"
"COAD",5462,1e-20,8.98,1,3.16671544496642,9.45981387478849e-20,"POU5F1B"
"COAD",4609,1e-20,158.996,44.219,1.84625216633703,9.45981387478849e-20,"MYC"
"COAD",5820,1.4987e-12,19.283,2.636,2.87090724438878,7.24971406013411e-12,"PVT1"
"COAD",8840,1e-20,5.832,1,2.54399071966485,9.45981387478849e-20,"CCN4"
"COAD",11156,1e-20,39.692,8.641,2.19957807223725,9.45981387478849e-20,"PTP4A3"
"COAD",4061,1e-20,256.906,84.949,1.59657171500291,9.45981387478849e-20,"LY6E"
"COAD",116447,1e-20,84.768,26.906,1.65559182120494,9.45981387478849e-20,"TOP1MT"
"COAD",114822,1e-20,14.764,1.731,3.09240601287897,9.45981387478849e-20,"RHPN1"
"COAD",642475,1e-20,18.931,5.456,1.79483507165333,9.45981387478849e-20,"MROH6"
"COAD",225689,1e-20,4.568,1,2.19156265070076,9.45981387478849e-20,"MAPK15"
"COAD",23246,1e-20,110.754,35.917,1.6246200463943,9.45981387478849e-20,"BOP1"
"COAD",2875,4.1385e-17,5.434,89.389,-4.04001083700172,2.95401453878072e-16,"GPT"
"COAD",9401,1e-20,19.85,5.054,1.97364143797291,9.45981387478849e-20,"RECQL4"
"COAD",92949,1.2779e-13,1.43,7.394,-2.37033989652149,6.80582941176471e-13,"ADAMTSL1"
"COAD",1029,1e-20,7.056,1.914,1.8822597310715,9.45981387478849e-20,"CDKN2A"
"COAD",100048912,3.7818e-13,1,52.506,-5.7144103876784,1.93087656164384e-12,"CDKN2B-AS1"
"COAD",1030,3.3779e-15,8.549,97.298,-3.50858257114659,2.05439156105521e-14,"CDKN2B"
"COAD",64922,1.3448e-16,11.988,93.346,-2.96099721341446,9.19405759706512e-16,"LRRC19"
"COAD",79817,1e-20,11.156,32.83,-1.55719491043203,9.45981387478849e-20,"MOB3B"
"COAD",375704,9.2824e-13,1,3.56,-1.83187724119167,4.584415e-12,"ENHO"
"COAD",768,3.0858e-17,24.488,1.375,4.15457142622761,2.23398334088702e-16,"CA9"
"COAD",646962,3.3245e-11,10.726,83.441,-2.95964428948894,1.42862785357417e-10,"HRCT1"
"COAD",152007,3.2493e-12,21.438,74.672,-1.80039705265772,1.53073722140299e-11,"GLIPR2"
"COAD",9833,1e-20,34.633,11.905,1.5405797423142,9.45981387478849e-20,"MELK"
"COAD",320,4.7228e-11,1.536,4.965,-1.69261550169458,2.00181911296437e-10,"APBA1"
"COAD",5125,2.2691e-15,3.037,20.197,-2.73342220180723,1.39790312121212e-14,"PCSK5"
"COAD",29968,1e-20,64.733,10.15,2.67302163858003,9.45981387478849e-20,"PSAT1"
"COAD",257019,1.8096e-13,3.085,17.278,-2.4855938347575,9.49063902439024e-13,"FRMD3"
"COAD",64078,1e-20,2.915,1,1.54349588342577,9.45981387478849e-20,"SLC28A3"
"COAD",1164,1e-20,216.211,72.275,1.58087131500575,9.45981387478849e-20,"CKS2"
"COAD",79695,1.6856e-16,28.98,83.1,-1.51979088210078,1.14470309140601e-15,"GALNT12"
"COAD",9314,4.6022e-18,47.081,342.558,-2.86313140914684,3.57132919847328e-17,"KLF4"
"COAD",1902,1e-20,5.142,22.083,-2.10253466186456,9.45981387478849e-20,"LPAR1"
"COAD",138065,1e-20,4.645,1,2.21567859660793,9.45981387478849e-20,"RNF183"
"COAD",85301,1e-20,7.034,1.623,2.11568233507734,9.45981387478849e-20,"COL27A1"
"COAD",2934,9.5327e-14,234.921,951.4,-2.017876341147,5.13562443025777e-13,"GSN"
"COAD",1056,6.0904e-16,8.927,1,3.1581754259302,3.93868175824176e-15,"CEL"
"COAD",1289,1e-20,71.132,23.773,1.58117475437166,9.45981387478849e-20,"COL5A1"
"COAD",138162,1e-20,6.328,2.093,1.59617728821708,9.45981387478849e-20,"C9orf116"
"COAD",286256,1e-20,10.158,2.659,1.93366069675913,9.45981387478849e-20,"LCN12"
"COAD",89958,1e-20,29.471,8.172,1.85053490514865,9.45981387478849e-20,"SAPCD2"
"COAD",375791,1.622e-14,3.141,1,1.65122394298988,9.29833017175083e-14,"CYSRT1"
"COAD",377841,1.283e-11,9.123,114.824,-3.65377209189516,5.70752516411379e-11,"ENTPD8"
"COAD",1646,3.2513e-11,1.674,7.69,-2.19968407029885,1.39878456906503e-10,"AKR1C2"
"COAD",79861,1.0332e-12,5.578,54.553,-3.28983869650383,5.07477522512629e-12,"TUBAL3"
"COAD",55388,1e-20,8.196,2.122,1.94949532809648,9.45981387478849e-20,"MCM10"
"COAD",8516,4.1997e-14,1.462,5.673,-1.95616855271848,2.32931277529762e-13,"ITGA8"
"COAD",653567,1.5587e-16,2.264,50.425,-4.4771933155558,1.06142533800244e-15,"TMEM236"
"COAD",10529,1e-20,33.984,6.143,2.46784038284023,9.45981387478849e-20,"NEBL"
"COAD",8187,1e-20,8.34,2.182,1.93439628200842,9.45981387478849e-20,"ZNF239"
"COAD",643236,5.2116e-14,1,21.802,-4.4463885811617,2.86578518318171e-13,"TMEM72"
"COAD",9721,2.5949e-12,1.469,5.273,-1.84378960082355,1.23572718696763e-11,"GPRIN2"
"COAD",170371,1.6754e-15,5.216,16.855,-1.69216085264049,1.04393898578991e-14,"TMEM273"
"COAD",288,2.8598e-12,4.756,14.219,-1.57999938584615,1.35409077704849e-11,"ANK3"
"COAD",983,1e-20,90.115,28.068,1.68284100082818,9.45981387478849e-20,"CDK1"
"COAD",64081,3.9475e-12,22.532,130.075,-2.52929642551187,1.84720532538188e-11,"PBLD"
"COAD",219738,1e-20,17.573,5.759,1.60947027698642,9.45981387478849e-20,"FAM241B"
"COAD",27143,1e-20,25.2,5.562,2.17974808392795,9.45981387478849e-20,"PALD1"
"COAD",64115,4.2408e-18,16.785,59.713,-1.83087251495415,3.2986786226087e-17,"VSIR"
"COAD",109617000,3.2863e-13,4.992,1.755,1.50814690367033,1.68409173235564e-12,"SNORA11F"
"COAD",5328,1e-20,45.394,11.213,2.01732930243609,9.45981387478849e-20,"PLAU"
"COAD",219348,9.3846e-15,4.453,29.229,-2.71455095475069,5.47386045383412e-14,"PLAC9"
"COAD",387695,6.2639e-14,151.072,836.048,-2.46834948092608,3.42325502688172e-13,"C10orf99"
"COAD",9060,3.2184e-17,51.228,223.129,-2.12287355881844,2.32546297899838e-16,"PAPSS2"
"COAD",55165,1e-20,43.038,11.338,1.92444486233451,9.45981387478849e-20,"CEP55"
"COAD",51196,3.599e-17,6.005,25.056,-2.06091996669804,2.58626082904884e-16,"PLCE1"
"COAD",3070,1e-20,22.215,7.372,1.59140616526665,9.45981387478849e-20,"HELLS"
"COAD",23223,1e-20,37.864,12.579,1.58980959117082,9.45981387478849e-20,"RRP12"
"COAD",60495,9.0936e-16,1,3.229,-1.69108744095189,5.80034731317741e-15,"HPSE2"
"COAD",6319,1e-20,241.077,27.549,3.12942216036084,9.45981387478849e-20,"SCD"
"COAD",56652,1e-20,27.129,9.2,1.56013010324571,9.45981387478849e-20,"TWNK"
"COAD",3195,1e-20,2.896,1,1.53406160242112,9.45981387478849e-20,"TLX1"
"COAD",54805,1.2362e-14,2.638,8.868,-1.74916420561576,7.15268838292367e-14,"CNNM2"
"COAD",100505839,1e-20,4.002,1,2.00072116724365,9.45981387478849e-20,"SH3PXD2A-AS1"
"COAD",27250,2.058e-17,58.201,237.597,-2.02940077356938,1.50895259016393e-16,"PDCD4"
"COAD",840,1.4652e-15,65.874,206.302,-1.64697674633378,9.18337096412556e-15,"CASP7"
"COAD",79949,6.72e-17,23.395,4.686,2.31977136938454,4.708e-16,"PLEKHS1"
"COAD",340706,1e-20,21.227,1.127,4.2353410697467,9.45981387478849e-20,"VWA2"
"COAD",2263,7.3867e-15,6.702,43.624,-2.7024584689148,4.34821721768887e-14,"FGFR2"
"COAD",8038,1.2448e-16,7.22,1,2.85199883711245,8.53909889570552e-16,"ADAM12"
"COAD",80162,1e-20,26.026,5.627,2.20951572891953,9.45981387478849e-20,"PGGHG"
"COAD",8519,1e-20,504.249,142.963,1.81849450379203,9.45981387478849e-20,"IFITM1"
"COAD",10410,8.1646e-18,1730.743,586.493,1.56120571878103,6.2188334400545e-17,"IFITM3"
"COAD",387264,1e-20,3.628,1.188,1.61063961972776,9.45981387478849e-20,"KRTAP5-1"
"COAD",4046,1.6586e-13,23.2,72.67,-1.64723510096935,8.72483083254939e-13,"LSP1"
"COAD",430,1e-20,121.585,12.249,3.31122937526828,9.45981387478849e-20,"ASCL2"
"COAD",5003,6.7389e-18,5.912,34.031,-2.52513137088324,5.16456547978067e-17,"SLC22A18AS"
"COAD",6609,6.5979e-18,26.026,97.897,-1.91131105247858,5.06866498454139e-17,"SMPD1"
"COAD",57758,1.3705e-12,1.522,11.055,-2.86065876120004,6.66561363636364e-12,"SCUBE2"
"COAD",644943,1.2825e-17,3.905,1,1.96532254836725,9.61144353217158e-17,"RASSF10"
"COAD",203859,1.787e-16,1,4.213,-2.07484791590017,1.21135741133677e-15,"ANO5"
"COAD",103695435,1e-20,10.612,1,3.40762467556661,9.45981387478849e-20,"BBOX1-AS1"
"COAD",81930,1e-20,8.004,2.69,1.57311499446175,9.45981387478849e-20,"KIF18A"
"COAD",24147,1e-20,4.005,1,2.00180224263399,9.45981387478849e-20,"FJX1"
"COAD",143458,1e-20,10.517,2.51,2.06696396173294,9.45981387478849e-20,"LDLRAD3"
"COAD",120071,1e-20,29.272,1.585,4.20696657531232,9.45981387478849e-20,"LARGE2"
"COAD",219972,6.2547e-15,9.73,53.249,-2.45224272210044,3.70428644332627e-14,"MPEG1"
"COAD",54972,1e-20,25.325,4.394,2.52695549415259,9.45981387478849e-20,"TMEM132A"
"COAD",9066,1e-20,29.488,8.414,1.80926425286192,9.45981387478849e-20,"SYT7"
"COAD",3992,4.0148e-20,12.11,3.987,1.60282335458436,3.6423112535497e-19,"FADS1"
"COAD",23642,1e-20,101.697,28.853,1.8174838847264,9.45981387478849e-20,"SNHG1"
"COAD",144097,1e-20,32.475,10.719,1.59915920591618,9.45981387478849e-20,"SPINDOC"
"COAD",113130,1e-20,49.207,15.852,1.63419869003499,9.45981387478849e-20,"CDCA5"
"COAD",8061,9.4534e-17,19.549,1.389,3.81497630607052,6.532953776267e-16,"FOSL1"
"COAD",6712,1e-20,9.334,1.017,3.19817578810664,9.45981387478849e-20,"SPTBN2"
"COAD",254439,4.3079e-11,1.208,60.733,-5.65178827531429,1.83395331620027e-10,"C11orf86"
"COAD",26579,1e-20,27.468,3.391,3.01796917925141,9.45981387478849e-20,"MYEOV"
"COAD",595,1e-20,119.451,35.405,1.75439391004132,9.45981387478849e-20,"CCND1"
"COAD",283212,4.1838e-20,4.078,1,2.02786177535451,3.78029573333333e-19,"KLHL35"
"COAD",81544,1e-20,17.986,3.766,2.25576946875014,9.45981387478849e-20,"GDPD5"
"COAD",80168,2.1331e-15,9.701,123.28,-3.66766148565882,1.31593145655172e-14,"MOGAT2"
"COAD",84649,6.283e-20,25.948,5.099,2.34733710084979,5.59342074044586e-19,"DGAT2"
"COAD",192134,4.9887e-13,1.731,56.005,-5.01587800366008,2.5211818779661e-12,"B3GNT6"
"COAD",726,1.4623e-18,83.832,251.605,-1.58558763866331,1.18140949783237e-17,"CAPN5"
"COAD",220042,1e-20,7.396,1.614,2.19610464612642,9.45981387478849e-20,"DDIAS"
"COAD",23052,4.3902e-17,26.901,79.581,-1.56476422421134,3.13067737882653e-16,"ENDOD1"
"COAD",4316,1e-20,68.65,1,6.10118781525974,9.45981387478849e-20,"MMP7"
"COAD",4312,1e-20,59.508,3.969,3.90623616373479,9.45981387478849e-20,"MMP1"
"COAD",4314,1e-20,26.032,1,4.70221425101044,9.45981387478849e-20,"MMP3"
"COAD",4321,3.6362e-11,51.335,16.415,1.64492803516318,1.55897892254601e-10,"MMP12"
"COAD",80310,3.8175e-14,3.069,9.928,-1.69373446966387,2.12629520547945e-13,"PDGFD"
"COAD",120400,3.9077e-11,5.236,37.554,-2.84242957971979,1.67185565525158e-10,"NXPE1"
"COAD",54827,4.27e-16,9.234,259.127,-4.81055980380731,2.795375e-15,"NXPE4"
"COAD",84000,1e-20,5.541,1,2.47014636704151,9.45981387478849e-20,"TMPRSS13"
"COAD",6330,6.8076e-16,1,4.764,-2.25217341320203,4.38727258789625e-15,"SCN4B"
"COAD",120425,5.8296e-12,8.363,31.971,-1.93467140185758,2.68743238095238e-11,"JAML"
"COAD",7070,1e-20,34.464,11.32,1.60621619682496,9.45981387478849e-20,"THY1"
"COAD",23650,1e-20,54.714,3.293,4.05443561425886,9.45981387478849e-20,"TRIM29"
"COAD",85391,2.0785e-12,5.711,1.334,2.09798471807176,9.96387899249732e-12,"SNORD14E"
"COAD",4013,5.2365e-16,23.01,66.162,-1.52374186259275,3.40418167151163e-15,"VWA5A"
"COAD",54414,2.669e-18,33.671,106.997,-1.66799187293822,2.11206111111111e-17,"SIAE"
"COAD",23584,9.2058e-16,15.714,342.687,-4.44676909291381,5.86856628848347e-15,"VSIG2"
"COAD",101929340,5.3861e-16,1.244,5.798,-2.22056884793079,3.49736801103368e-15,"AP000866.2"
"COAD",1111,1e-20,23.305,8.229,1.50185048485687,9.45981387478849e-20,"CHEK1"
"COAD",8538,4.7213e-14,4.128,32.122,-2.96004684575645,2.60697362716049e-13,"BARX2"
"COAD",7004,1e-20,42.481,9.258,2.19804525974756,9.45981387478849e-20,"TEAD4"
"COAD",83461,1e-20,45.327,14.654,1.6290761577878,9.45981387478849e-20,"CDCA3"
"COAD",283316,7.7757e-11,2.082,21.54,-3.37097627613215,3.22731958240534e-10,"CD163L1"
"COAD",3820,9.2055e-11,2.168,9.119,-2.07251086877918,3.79470223963134e-10,"KLRB1"
"COAD",4973,4.8084e-11,3.429,1,1.77778790427355,2.03501607115821e-10,"OLR1"
"COAD",55359,1.7744e-15,8.324,30.034,-1.85124775908358,1.10255368713532e-14,"STYK1"
"COAD",121506,5.4567e-15,4.527,1.016,2.15565490447567,3.25148366906475e-14,"ERP27"
"COAD",5139,2.9878e-13,3.638,17.001,-2.2244021601792,1.53706398435703e-12,"PDE3A"
"COAD",56938,1e-20,8.468,1.54,2.45909091842533,9.45981387478849e-20,"ARNTL2"
"COAD",636,1e-20,3.453,1.134,1.60642969391116,9.45981387478849e-20,"BICD1"
"COAD",144402,4.7029e-20,3.273,16.39,-2.32413034694206,4.23734700644641e-19,"CPNE8"
"COAD",114134,4.9623e-19,4.36,13.871,-1.66967175930123,4.16092669291339e-18,"SLC2A13"
"COAD",10024,1e-20,30.357,8.15,1.89715726045464,9.45981387478849e-20,"TROAP"
"COAD",41,7.2781e-18,10.169,2.303,2.14259149805777,5.56444958290598e-17,"ASIC1"
"COAD",25840,1e-20,31.98,189.459,-2.56664383086936,9.45981387478849e-20,"METTL7A"
"COAD",11226,1e-20,39.713,9.741,2.02746955861014,9.45981387478849e-20,"GALNT6"
"COAD",94,3.26e-18,29.798,109.847,-1.88220806188734,2.56250896309315e-17,"ACVRL1"
"COAD",144501,1e-20,22.846,1,4.51386968750884,9.45981387478849e-20,"KRT80"
"COAD",5959,1e-20,1.838,9.613,-2.38684996715081,9.45981387478849e-20,"RDH5"
"COAD",283375,6.2703e-11,83.944,244.103,-1.53999091022852,2.62196557404637e-10,"SLC39A5"
"COAD",51561,3.1241e-12,4.686,1,2.22835695420105,1.47424031019202e-11,"IL23A"
"COAD",1594,1e-20,3.953,1.131,1.80534902582979,9.45981387478849e-20,"CYP27B1"
"COAD",57460,1e-20,18.151,3.831,2.24425610248702,9.45981387478849e-20,"PPM1H"
"COAD",11260,1e-20,48.949,17.266,1.50334549309359,9.45981387478849e-20,"XPOT"
"COAD",1368,9.1648e-19,4.412,33.238,-2.913328878699,7.52671400661036e-18,"CPM"
"COAD",8549,1e-20,27.344,5.447,2.3276905298357,9.45981387478849e-20,"LGR5"
"COAD",22822,1e-20,45.51,6.137,2.89057809771804,9.45981387478849e-20,"PHLDA1"
"COAD",144455,1e-20,3.559,1,1.8314719328477,9.45981387478849e-20,"E2F7"
"COAD",57458,4.9638e-12,9.034,47.17,-2.38443278197944,2.30301782987552e-11,"TMCC3"
"COAD",100500802,9.3949e-16,7.191,2.496,1.52657447550804,5.98059062624537e-15,"MIR3685"
"COAD",55198,2.176e-13,43.426,162.782,-1.90631020269908,1.13378117427773e-12,"APPL2"
"COAD",32,5.6784e-11,4.886,14.806,-1.59945616498036,2.38605898534386e-10,"ACACB"
"COAD",51228,1e-20,39.769,115.273,-1.53533844420282,9.45981387478849e-20,"GLTP"
"COAD",54997,1e-20,92.828,5.735,4.01669464426018,9.45981387478849e-20,"TESC"
"COAD",35,2.4851e-18,52.823,335.29,-2.66617131093617,1.97281829250976e-17,"ACADS"
"COAD",5025,2.032e-13,48.604,142.527,-1.55208829173855,1.06097632500584e-12,"P2RX4"
"COAD",105370070,1.1967e-13,6.058,37.99,-2.64870622875701,6.38858966340415e-13,"LINC02441"
"COAD",100190940,1e-20,13.501,1,3.75499436450498,9.45981387478849e-20,"LINC02418"
"COAD",5827,4.6568e-15,3.788,11.363,-1.58483554203397,2.79195759785523e-14,"PXMP2"
"COAD",221150,1e-20,22.619,5.238,2.11044718349513,9.45981387478849e-20,"SKA3"
"COAD",2971,1e-20,258.756,89.023,1.53934229169431,9.45981387478849e-20,"GTF3A"
"COAD",3651,1e-20,16.365,1,4.03254169727004,9.45981387478849e-20,"PDX1"
"COAD",646625,2.247e-11,3.705,49.225,-3.73184575848308,9.79334652114598e-11,"URAD"
"COAD",10808,1e-20,107.1,32.564,1.71760865099416,9.45981387478849e-20,"HSPH1"
"COAD",675,3.8873e-20,3.466,1,1.79327165449808,3.53093785134037e-19,"BRCA2"
"COAD",5983,1e-20,50.267,13.504,1.89622478052657,9.45981387478849e-20,"RFC3"
"COAD",400128,1e-20,17.358,5.425,1.67790568643155,9.45981387478849e-20,"TUSC8"
"COAD",26586,1e-20,45.81,15.046,1.60628256737796,9.45981387478849e-20,"CKAP2"
"COAD",81624,1e-20,12.933,3.541,1.86882821950873,9.45981387478849e-20,"DIAPH3"
"COAD",1602,1e-20,15.811,4.051,1.96457862673177,9.45981387478849e-20,"DACH1"
"COAD",440145,1e-20,40.413,13.696,1.56106484500311,9.45981387478849e-20,"MZT1"
"COAD",1910,6.5121e-14,4.997,14.586,-1.545450176014,3.55629041025641e-13,"EDNRB"
"COAD",1282,1.1586e-11,190.178,47.773,1.993082981649,5.1871415015015e-11,"COL4A1"
"COAD",23250,1e-20,24.095,5.874,2.0363186303025,9.45981387478849e-20,"ATP11A"
"COAD",57447,1e-20,71.668,208.79,-1.54265161598123,9.45981387478849e-20,"NDRG2"
"COAD",84962,1e-20,18.484,2.086,3.14746593164677,9.45981387478849e-20,"AJUBA"
"COAD",1511,2.3395e-14,1,20.736,-4.37406571822254,1.32417713237155e-13,"CTSG"
"COAD",3002,8.744e-16,19.337,5.509,1.8115016201372,5.58532053698943e-15,"GZMB"
"COAD",6751,2.0316e-13,2.904,9.846,-1.76149628623912,1.06097632500584e-12,"SSTR1"
"COAD",140801,1.1273e-13,1,3.879,-1.95568477586932,6.02672959598374e-13,"RPL10L"
"COAD",5729,2.8036e-11,1,10.248,-3.35727047567956,1.21245337006961e-10,"PTGDR"
"COAD",652,1e-20,77.202,26.713,1.53109621577737,9.45981387478849e-20,"BMP4"
"COAD",9495,6.0897e-11,1.69,5.127,-1.60109165122775,2.5493066473231e-10,"AKAP5"
"COAD",23508,1e-20,4.716,1.538,1.61650821501794,9.45981387478849e-20,"TTC9"
"COAD",8110,2.5697e-19,1,5.999,-2.58472203150802,2.20008426875957e-18,"DPF3"
"COAD",957,5.6387e-17,28.632,187.501,-2.71119793598198,3.98163082096621e-16,"ENTPD5"
"COAD",83694,1e-20,6.862,2.358,1.54106540757789,9.45981387478849e-20,"RPS6KL1"
"COAD",1734,1e-20,3.722,1.074,1.79308406207374,9.45981387478849e-20,"DIO2"
"COAD",1113,1.8368e-11,1.267,368.242,-8.18309384857289,8.06684179104478e-11,"CHGA"
"COAD",78990,1e-20,3.852,1.183,1.70315762950367,9.45981387478849e-20,"OTUB2"
"COAD",623,2.5378e-12,1.757,6.375,-1.85931115062521,1.21085601450821e-11,"BDKRB1"
"COAD",122416,1.9709e-13,11.444,35.727,-1.64242337297894,1.02979525e-12,"ANKRD9"
"COAD",1152,2.9739e-11,307.494,2540.776,-3.04663902491436,1.28215395604396e-10,"CKB"
"COAD",3714,1e-20,16.075,4.669,1.78363324386048,9.45981387478849e-20,"JAG2"
"COAD",4692,1.2431e-11,8.426,33.656,-1.99794390220654,5.53773810756972e-11,"NDN"
"COAD",23359,6.7131e-17,1,8.833,-3.14290351149252,4.70463977749922e-16,"FAM189A1"
"COAD",701,1e-20,16.934,5.895,1.52235907585791,9.45981387478849e-20,"BUB1B"
"COAD",644844,1.0642e-12,346.41,3318.856,-3.26013355166382,5.22244998902787e-12,"PHGR1"
"COAD",79094,1e-20,13.337,4.676,1.51208735089097,9.45981387478849e-20,"CHAC1"
"COAD",11261,7.5108e-14,108.168,323.477,-1.5803893757449,4.07679661165049e-13,"CHP1"
"COAD",3706,3.4059e-13,12.35,48.583,-1.97594053732583,1.74213498856359e-12,"ITPKA"
"COAD",7301,1e-20,3.311,1,1.72726701073491,9.45981387478849e-20,"TYRO3"
"COAD",84978,1e-20,3.792,1.122,1.75688628828947,9.45981387478849e-20,"FRMD5"
"COAD",6652,1e-20,30.383,10.388,1.54834640862543,9.45981387478849e-20,"SORD"
"COAD",84419,1.1384e-19,93.034,642.758,-2.78844569963795,9.9406634908239e-19,"C15orf48"
"COAD",58472,6.7506e-18,78.381,243.991,-1.63825204829207,5.17175977389517e-17,"SQOR"
"COAD",80031,1.8553e-15,2.372,23.95,-3.3358497409649,1.15122291620422e-14,"SEMA6D"
"COAD",84888,1e-20,19.464,56.011,-1.52490196047819,9.45981387478849e-20,"SPPL2A"
"COAD",388121,5.095e-11,2.817,8.694,-1.62586053190315,2.14939605734767e-10,"TNFAIP8L3"
"COAD",256764,1e-20,5.126,1,2.35783347862949,9.45981387478849e-20,"WDR72"
"COAD",5873,3.6239e-16,17.88,51.545,-1.52748575266175,2.38707734020619e-15,"RAB27A"
"COAD",9245,3.3554e-13,26.962,202.038,-2.90562724301222,1.71748249485008e-12,"GCNT3"
"COAD",145741,1e-20,10.552,1,3.39944456458946,9.45981387478849e-20,"C2CD4A"
"COAD",771,4.7002e-17,37.513,248.111,-2.72552315019392,3.33896355146125e-16,"CA12"
"COAD",80119,1e-20,6.56,2.263,1.53545923023855,9.45981387478849e-20,"PIF1"
"COAD",123264,1.4246e-14,7.53,182.301,-4.59752880008388,8.20034229086229e-14,"SLC51B"
"COAD",22801,1e-20,6.128,2.08,1.5588327688965,9.45981387478849e-20,"ITGA11"
"COAD",54852,9.5249e-16,5.335,25.099,-2.23406970897863,6.05989583783784e-15,"PAQR5"
"COAD",9493,1e-20,21.239,7.136,1.57352832067687,9.45981387478849e-20,"AC027237.1"
"COAD",64220,3.7317e-16,4.58,1,2.19534759832222,2.45519291262136e-15,"STRA6"
"COAD",57214,1e-20,44.904,1.02,5.46020290710308,9.45981387478849e-20,"CEMIP"
"COAD",4828,1e-20,21.331,6.632,1.68543568904505,9.45981387478849e-20,"NMB"
"COAD",145864,1e-20,15.699,4.748,1.72528082469396,9.45981387478849e-20,"HAPLN3"
"COAD",55215,1e-20,24.572,8.062,1.60780560011284,9.45981387478849e-20,"FANCI"
"COAD",90381,1e-20,5.074,1.542,1.7183207541489,9.45981387478849e-20,"TICRR"
"COAD",197335,1e-20,19.041,6.266,1.60349257363288,9.45981387478849e-20,"WDR90"
"COAD",124093,1e-20,3.607,1,1.85079942312548,9.45981387478849e-20,"CCDC78"
"COAD",84264,1e-20,12.859,1.7,2.91917180214389,9.45981387478849e-20,"HAGHL"
"COAD",63922,1e-20,22.18,6.86,1.6929788839889,9.45981387478849e-20,"CHTF18"
"COAD",64499,5.6122e-11,7.401,51.026,-2.78544042978722,2.35868499530164e-10,"TPSB2"
"COAD",7177,3.9669e-11,7.213,41.455,-2.52287479065265,1.69621003250478e-10,"TPSAB1"
"COAD",80178,1e-20,12.512,3.844,1.7026321765336,9.45981387478849e-20,"TEDC2"
"COAD",64063,1e-20,35.45,1.393,4.66951846441299,9.45981387478849e-20,"PRSS22"
"COAD",9088,1e-20,31.548,9.381,1.74973492269301,9.45981387478849e-20,"PKMYT1"
"COAD",124222,1e-20,15.491,5.033,1.62193977536171,9.45981387478849e-20,"PAQR4"
"COAD",51330,1e-20,145.87,18.324,2.99287683230245,9.45981387478849e-20,"TNFRSF12A"
"COAD",7023,1e-20,35.414,12.104,1.54883591220945,9.45981387478849e-20,"TFAP4"
"COAD",29965,1.3899e-13,9.48,27.636,-1.54358985272838,7.37947143874644e-13,"CDIP1"
"COAD",146556,7.5127e-12,1,12.431,-3.63587045217971,3.42590762846656e-11,"C16orf89"
"COAD",608,6.0585e-13,1.911,35.845,-4.22937220876883,3.04121740740741e-12,"TNFRSF17"
"COAD",8399,1.3087e-15,8.216,39.184,-2.25375659224578,8.23479406302757e-15,"PLA2G10"
"COAD",6338,2.8151e-11,1.723,107.068,-5.9574608465484,1.216974314711e-10,"SCNN1B"
"COAD",63928,8.5183e-18,11.299,458.621,-5.34303541665704,6.47941302380952e-17,"CHP2"
"COAD",55911,3.355e-14,20.8,116.35,-2.48381577726426,1.87898484848485e-13,"APOBR"
"COAD",6799,2.3749e-11,1.516,40.098,-4.72518862139923,1.03326631712062e-10,"SULT1A2"
"COAD",6817,1.6455e-13,26.266,155.099,-2.56192096765213,8.66454356016011e-13,"SULT1A1"
"COAD",653808,7.3227e-12,1.228,895.767,-9.51066914744455,3.34199061428571e-11,"ZG16"
"COAD",253982,1e-20,9.026,2.386,1.91949273551726,9.45981387478849e-20,"ASPHD1"
"COAD",79153,3.7041e-14,9.668,56.299,-2.54181991872785,2.06622071090047e-13,"GDPD3"
"COAD",146547,6.5449e-14,1.794,5.448,-1.60254681309281,3.57333004638672e-13,"PRSS36"
"COAD",79801,1e-20,8.003,2.438,1.71484278326807,9.45981387478849e-20,"SHCBP1"
"COAD",23594,1e-20,24.968,6.221,2.00486185100397,9.45981387478849e-20,"ORC6"
"COAD",84706,1e-20,43.139,14.694,1.55376555420908,9.45981387478849e-20,"GPT2"
"COAD",85407,2.5901e-20,8.919,1.029,3.11563898173483,2.37776708949097e-19,"NKD1"
"COAD",23322,1e-20,3.585,1.262,1.50626120860672,9.45981387478849e-20,"RPGRIP1L"
"COAD",4502,6.3218e-12,251.95,1765.956,-2.80924003628148,2.90415804026294e-11,"MT2A"
"COAD",4493,4.5536e-14,70.327,893.075,-3.66663075582127,2.51686002965892e-13,"MT1E"
"COAD",4499,1.3632e-11,4.947,362.472,-6.19517184534693,6.05226158427636e-11,"MT1M"
"COAD",4494,1.5973e-11,28.768,391.356,-3.76594473237277,7.05101063955784e-11,"MT1F"
"COAD",4495,5.2362e-12,109.507,1940.484,-4.1473215385528,2.42487348519362e-11,"MT1G"
"COAD",4501,8.9235e-12,22.946,112.165,-2.28930798045868,4.031439e-11,"MT1X"
"COAD",29070,1e-20,4.53,1.444,1.64944030804643,9.45981387478849e-20,"CCDC113"
"COAD",1009,1e-20,18.741,6.09,1.62168380249298,9.45981387478849e-20,"CDH11"
"COAD",766,7.1174e-14,1,128.335,-7.00377087103868,3.87364159610706e-13,"CA7"
"COAD",8824,1.3517e-14,95.648,498.7,-2.38236549576174,7.79475685920578e-14,"CES2"
"COAD",23491,1.5483e-15,20.083,117.513,-2.54877366489525,9.6797967291026e-15,"CES3"
"COAD",3299,1e-20,11.563,2.89,2.00037435325407,9.45981387478849e-20,"HSF4"
"COAD",25894,1e-20,20.694,6.041,1.77635324294545,9.45981387478849e-20,"PLEKHG4"
"COAD",3291,6.6275e-20,114.942,841.693,-2.87238806159643,5.88371506550218e-19,"HSD11B2"
"COAD",55512,1.3615e-12,14.756,44.3,-1.58600500463492,6.62616420021763e-12,"SMPD3"
"COAD",1001,1e-20,59.112,1,5.88537912855803,9.45981387478849e-20,"CDH3"
"COAD",23035,1.1327e-11,5.216,32.861,-2.6553606092305,5.07728404489878e-11,"PHLPP2"
"COAD",197257,6.7309e-17,8.53,109.425,-3.68125283220812,4.7126836787727e-16,"LDHD"
"COAD",57687,3.5031e-12,1.066,4.893,-2.19851184467386,1.64648645018915e-11,"VAT1L"
"COAD",3294,2.2532e-11,7.986,195.588,-4.61420097648059,9.81845510522214e-11,"HSD17B2"
"COAD",9764,1.0358e-18,5.204,22.964,-2.14168109355347,8.43846826958106e-18,"KIAA0513"
"COAD",100506542,1.9225e-13,1,3.545,-1.82578562746479,1.00521083703531e-12,"LINC01082"
"COAD",8140,1e-20,89.125,10.624,3.06850311975905,9.45981387478849e-20,"SLC7A5"
"COAD",27132,1e-20,19.208,1,4.26363540356833,9.45981387478849e-20,"CPNE7"
"COAD",100128881,1e-20,9.676,1.957,2.30576701335312,9.45981387478849e-20,"VPS9D1-AS1"
"COAD",2175,1e-20,12.994,4.465,1.54111352983783,9.45981387478849e-20,"FANCA"
"COAD",79007,1e-20,27.573,4.962,2.47426260377922,9.45981387478849e-20,"DBNDD1"
"COAD",83547,7.5506e-19,13.848,49.112,-1.8263979451357,6.24691334813171e-18,"RILP"
"COAD",727910,6.2562e-14,6.177,22.744,-1.88050776832412,3.41988268394036e-13,"TLCD2"
"COAD",84981,4.4519e-11,12.931,39.93,-1.62663922379456,1.89093712630579e-10,"MIR22HG"
"COAD",5023,3.4101e-15,1.174,7.758,-2.72425236742136,2.07228441032609e-14,"P2RX1"
"COAD",489,3.8883e-15,47.091,210.84,-2.16262533278268,2.35074487429035e-14,"ATP2A3"
"COAD",23140,5.1051e-15,14.357,50.576,-1.81669862136704,3.04928822916667e-14,"ZZEF1"
"COAD",124976,1e-20,42.95,12.411,1.7910387679569,9.45981387478849e-20,"AC118754.1"
"COAD",124975,6.6492e-17,58.492,241.641,-2.04655403741824,4.66424277289837e-16,"GGT6"
"COAD",23302,6.1556e-16,1.501,20.268,-3.75520785190185,3.97854574566474e-15,"WSCD1"
"COAD",10462,1.8475e-13,2.091,21.944,-3.3915615602587,9.67579449648712e-13,"CLEC10A"
"COAD",432,1e-20,4.94,1.403,1.81599603285214,9.45981387478849e-20,"ASGR1"
"COAD",9340,1.0727e-17,1,6.693,-2.74265301430321,8.10158395812226e-17,"GLP2R"
"COAD",101101775,3.7611e-14,1.217,6.665,-2.45327570726261,2.09592522551707e-13,"TMEM220-AS1"
"COAD",100289255,1.4118e-17,1.273,6.518,-2.35619693283721,1.0527536978993e-16,"TMEM238L"
"COAD",9912,1.4389e-15,7.168,41.419,-2.53065017975001,9.02865339506173e-15,"ARHGAP44"
"COAD",23495,1.4406e-11,1,6.877,-2.78177934559303,6.37690771971496e-11,"TNFRSF13B"
"COAD",27346,1e-20,76.386,23.466,1.70273630392998,9.45981387478849e-20,"TMEM97"
"COAD",124930,1e-20,10.271,2.108,2.28462987936456,9.45981387478849e-20,"ANKRD13B"
"COAD",388364,7.5237e-14,1,259.939,-8.02202929486422,4.08280764620238e-13,"TMIGD1"
"COAD",79148,5.9115e-17,5.512,56.06,-3.34632395121556,4.16859856242119e-16,"MMP28"
"COAD",6359,1.0344e-11,2.896,10.634,-1.87655086399964,4.65438374245473e-11,"CCL15"
"COAD",6368,4.528e-12,1,9.708,-3.27917410848905,2.10694265501456e-11,"CCL23"
"COAD",79154,1.3614e-17,45.384,309.678,-2.77051322115084,1.01720642165052e-16,"DHRS11"
"COAD",11072,1e-20,24.469,6.313,1.95455748629406,9.45981387478849e-20,"DUSP14"
"COAD",80725,1e-20,3.43,1.041,1.72023850776076,9.45981387478849e-20,"SRCIN1"
"COAD",100170841,1e-20,9.745,1,3.28466218548317,9.45981387478849e-20,"EPOP"
"COAD",284110,1e-20,2.849,1,1.51045562166176,9.45981387478849e-20,"GSDMA"
"COAD",990,1e-20,22.042,6.493,1.76329801955719,9.45981387478849e-20,"CDC6"
"COAD",7153,1e-20,83.787,26.805,1.64422428435595,9.45981387478849e-20,"TOP2A"
"COAD",84951,1e-20,74.042,7.239,3.35448154398731,9.45981387478849e-20,"TNS4"
"COAD",54474,2.4321e-15,299.768,2336.832,-2.96263572927599,1.49379435045317e-14,"KRT20"
"COAD",25984,1e-20,23.078,1,4.52844629655248,9.45981387478849e-20,"KRT23"
"COAD",3866,1e-20,9.892,3.11,1.66934765937197,9.45981387478849e-20,"KRT15"
"COAD",60681,1e-20,77.264,22.229,1.7973533202804,9.45981387478849e-20,"FKBP10"
"COAD",2648,1e-20,66.148,22.805,1.53634736675119,9.45981387478849e-20,"KAT2A"
"COAD",672,1e-20,13.255,4.52,1.55214199245207,9.45981387478849e-20,"BRCA1"
"COAD",2118,1e-20,121.52,2.559,5.56946981735,9.45981387478849e-20,"ETV4"
"COAD",4356,1e-20,3.288,1,1.7172102990196,9.45981387478849e-20,"MPP3"
"COAD",146909,1e-20,13.889,3.637,1.93312189894041,9.45981387478849e-20,"KIF18B"
"COAD",113026,9.3739e-14,35.386,130.018,-1.87746077199224,5.05494395225464e-13,"PLCD3"
"COAD",80320,1e-20,13.983,4.683,1.57816897556104,9.45981387478849e-20,"SP6"
"COAD",80279,1e-20,6.881,2.011,1.77470516209283,9.45981387478849e-20,"CDK5RAP3"
"COAD",3218,1e-20,34.712,5.907,2.55493697419403,9.45981387478849e-20,"HOXB8"
"COAD",284076,7.1321e-11,1.089,7.246,-2.73418085173638,2.9684562125442e-10,"TTLL6"
"COAD",1277,1e-20,791.632,139.488,2.50468891745284,9.45981387478849e-20,"COL1A1"
"COAD",146956,1e-20,3.54,1.015,1.80226963289782,9.45981387478849e-20,"EME1"
"COAD",80221,2.6267e-14,33.477,116.108,-1.79422522583011,1.48223295735554e-13,"ACSF2"
"COAD",55018,5.0306e-13,31.536,105.415,-1.74100858289104,2.5412086695279e-12,"ANKRD40CL"
"COAD",4830,1e-20,65.217,20.669,1.65777948773475,9.45981387478849e-20,"NME1"
"COAD",55273,2.4097e-15,1,12.067,-3.5929951443784,1.4808497142072e-14,"TMEM100"
"COAD",55771,1e-20,9.579,3.167,1.59675818626306,9.45981387478849e-20,"PRR11"
"COAD",762,1.4539e-13,1,553.699,-9.11295810608706,7.69369751538098e-13,"CA4"
"COAD",8787,1.5071e-16,2.262,6.937,-1.61671295525427,1.02753894207317e-15,"RGS9"
"COAD",8313,1e-20,77.681,15.795,2.29809383583703,9.45981387478849e-20,"AXIN2"
"COAD",10351,1.6887e-18,1,16.75,-4.06608919045777,1.35892040662109e-17,"ABCA8"
"COAD",6662,1e-20,161.365,44.836,1.84759821223865,9.45981387478849e-20,"SOX9"
"COAD",326624,3.0054e-11,2.942,10.125,-1.78305275629188,1.29523530930815e-10,"RAB37"
"COAD",92736,3.8513e-11,1,109.471,-6.77440492537856,1.64867193529862e-10,"OTOP2"
"COAD",100130933,3.3058e-12,5.075,21.317,-2.07052469053373,1.55571560185185e-11,"SMIM6"
"COAD",51,9.0789e-11,30.653,88.294,-1.52628712620905,3.74458577462191e-10,"ACOX1"
"COAD",2125,1e-20,45.025,14.589,1.62584527872115,9.45981387478849e-20,"EVPL"
"COAD",332,1e-20,65.464,22.44,1.54462908109311,9.45981387478849e-20,"BIRC5"
"COAD",84733,1e-20,12.486,1,3.6422394657944,9.45981387478849e-20,"CBX2"
"COAD",57332,1e-20,10.738,3.348,1.68135387701019,9.45981387478849e-20,"CBX8"
"COAD",8535,1e-20,38.504,13.466,1.51568695847398,9.45981387478849e-20,"CBX4"
"COAD",92659,1e-20,7.148,1,2.8375396343794,9.45981387478849e-20,"MAFG-DT"
"COAD",5831,1e-20,119.718,37.476,1.67560120228905,9.45981387478849e-20,"PYCR1"
"COAD",23136,1e-20,6.937,60.963,-3.13555011016133,9.45981387478849e-20,"EPB41L3"
"COAD",10650,1e-20,4.634,1.408,1.71861071022752,9.45981387478849e-20,"PRELID3A"
"COAD",171586,6.3794e-13,39.6,150.558,-1.92674703324744,3.19441384236453e-12,"ABHD3"
"COAD",8780,7.6e-15,49.516,140.546,-1.50507571395201,4.46672273324573e-14,"RIOK3"
"COAD",1824,2.5518e-12,19.63,60.841,-1.63198369299969,1.21649762097634e-11,"DSC2"
"COAD",201501,7.4969e-18,6.143,46.198,-2.91081510754422,5.72558461249573e-17,"ZBTB7C"
"COAD",10449,6.9732e-15,68.451,252.838,-1.88506978495524,4.11352962015299e-14,"ACAA2"
"COAD",80323,3.4826e-16,6.191,28.8,-2.21782444727387,2.2960313620283e-15,"CCDC68"
"COAD",5205,1.0236e-17,59.428,192.64,-1.69669256303588,7.7412129861346e-17,"ATP8B1"
"COAD",5366,1e-20,14.293,3.518,2.02248137181938,9.45981387478849e-20,"PMAIP1"
"COAD",220441,2.6253e-13,1.458,12.567,-3.10757766526074,1.35838926191578e-12,"RNF152"
"COAD",596,4.5255e-16,5.032,16.516,-1.71466049629689,2.95830916398714e-15,"BCL2"
"COAD",5268,1e-20,43.026,3.192,3.75267616675529,9.45981387478849e-20,"SERPINB5"
"COAD",1675,4.2261e-14,17.163,224.587,-3.7099007658382,2.34337402181999e-13,"CFD"
"COAD",1820,1e-20,15.033,4.648,1.69345096974621,9.45981387478849e-20,"ARID3A"
"COAD",2788,6.3336e-20,1.214,9.787,-3.01109827803141,5.63174142345924e-19,"GNG7"
"COAD",2767,3.2447e-15,51.666,169.877,-1.71720343702638,1.97606824891068e-14,"GNA11"
"COAD",10148,5.6935e-12,2.131,8.24,-1.95111374428788,2.62685662265319e-11,"EBI3"
"COAD",56961,1.6374e-15,5.508,16.516,-1.58426385904121,1.02168460379464e-14,"SHD"
"COAD",29128,1e-20,16.304,3.888,2.06812583256003,9.45981387478849e-20,"UHRF1"
"COAD",257000,1.5958e-11,1,6.054,-2.59788867516543,7.04577994076999e-11,"TINCR"
"COAD",79085,1.4066e-17,49.52,160.88,-1.69990176709109,1.04922601067378e-16,"SLC25A23"
"COAD",8744,2.4964e-20,7.197,1.141,2.65709686672591,2.29363160230074e-19,"TNFSF9"
"COAD",374877,1e-20,3.818,1,1.93281710274185,9.45981387478849e-20,"TEX45"
"COAD",30835,3.2854e-14,2.144,16.718,-2.96302545501127,1.84231194082247e-13,"CD209"
"COAD",80164,1e-20,4.234,1,2.0820212693455,9.45981387478849e-20,"PRR36"
"COAD",7675,1e-20,14.388,4.948,1.53994865915901,9.45981387478849e-20,"ZNF121"
"COAD",54831,1.5301e-11,1,44.961,-5.49060221850218,6.76638843187661e-11,"BEST2"
"COAD",79883,1e-20,4.271,1.447,1.56150897611042,9.45981387478849e-20,"PODNL1"
"COAD",652995,1.2049e-15,4.9,1,2.29278174922785,7.59661085424302e-15,"UCA1"
"COAD",23149,1e-20,13.323,4.391,1.60129753756173,9.45981387478849e-20,"FCHO1"
"COAD",9518,1e-20,272.497,35.641,2.93463062585753,9.45981387478849e-20,"GDF15"
"COAD",100422943,1e-20,14.015,1.023,3.77609369417453,9.45981387478849e-20,"MIR3189"
"COAD",1311,1.3515e-11,6.818,1,2.76934859947786,6.00389243146603e-11,"COMP"
"COAD",80714,1e-20,5.521,1.68,1.71646836812582,9.45981387478849e-20,"PBX4"
"COAD",84306,1e-20,11.989,4.15,1.53052808730449,9.45981387478849e-20,"PDCD2L"
"COAD",57655,1e-20,81.522,27.54,1.5656608864701,9.45981387478849e-20,"GRAMD1A"
"COAD",53827,1e-20,255.871,63.157,2.01840209499707,9.45981387478849e-20,"FXYD5"
"COAD",100506469,1e-20,9.818,2.671,1.87804919073094,9.45981387478849e-20,"TMEM147-AS1"
"COAD",163183,1e-20,13.265,4.335,1.61352077700686,9.45981387478849e-20,"SYNE4"
"COAD",284403,1e-20,8.374,2.082,2.00794684944089,9.45981387478849e-20,"WDR62"
"COAD",3960,1e-20,2105.284,9499.935,-2.1739027782845,9.45981387478849e-20,"LGALS4"
"COAD",8857,7.1965e-12,35.275,768.376,-4.44509446961365,3.28640656524403e-11,"FCGBP"
"COAD",8425,1.726e-11,50.471,147.416,-1.54636654117247,7.5981374015748e-11,"LTBP4"
"COAD",374907,1.0251e-13,14.555,53.905,-1.88890425801893,5.50007468809981e-13,"B3GNT8"
"COAD",1087,2.9605e-12,54.953,3026.572,-5.78334261883727,1.40058518087582e-11,"CEACAM7"
"COAD",23474,5.8566e-18,189.519,704.413,-1.89407904316308,4.5131339007581e-17,"ETHE1"
"COAD",147699,1e-20,2.849,1.003,1.50613401571167,9.45981387478849e-20,"PPM1N"
"COAD",147920,1.3771e-12,2.971,1,1.57094860517333,6.69480158695652e-12,"IGFL2"
"COAD",2906,1e-20,17.599,1,4.13742155011198,9.45981387478849e-20,"GRIN2D"
"COAD",114783,1e-20,3.829,1,1.93696766018807,9.45981387478849e-20,"LMTK3"
"COAD",6820,1e-20,27.985,2.963,3.23952321632173,9.45981387478849e-20,"SULT2B1"
"COAD",2523,1e-20,4.751,1,2.24823120674876,9.45981387478849e-20,"FUT1"
"COAD",6689,1.3891e-14,1,33.063,-5.04714572964343,8.00423687194022e-14,"SPIB"
"COAD",84798,1e-20,145.916,47.056,1.63268749206156,9.45981387478849e-20,"C19orf48"
"COAD",5655,5.1861e-20,9.776,1,3.28924428515664,4.65396285313002e-19,"KLK10"
"COAD",11012,4.0964e-17,7.002,2.035,1.78273826727489,2.92863789002558e-16,"KLK11"
"COAD",55786,1.4064e-12,1.372,5.322,-1.95568802884941,6.83030608034745e-12,"ZNF415"
"COAD",10990,9.6104e-15,1.438,15.009,-3.38369227727456,5.59972316831683e-14,"LILRB5"
"COAD",5794,1.2356e-15,25.756,126.934,-2.30109809488329,7.78139194593072e-15,"AC010327.1"
"COAD",27338,1e-20,32.964,9.997,1.72132418969409,9.45981387478849e-20,"UBE2S"
"COAD",57761,1e-20,76.3,5.977,3.67418960918365,9.45981387478849e-20,"TRIB3"
"COAD",27111,8.2918e-17,53.192,358.467,-2.75255912453132,5.76943134411948e-16,"SDCBP2"
"COAD",9762,1e-20,19.784,5.13,1.94730341389552,9.45981387478849e-20,"LZTS3"
"COAD",83959,1e-20,4.26,1,2.09085343045111,9.45981387478849e-20,"SLC4A11"
"COAD",994,1e-20,126.803,28.386,2.15933740644096,9.45981387478849e-20,"CDC25B"
"COAD",54498,1e-20,26.096,6.029,2.11383805267412,9.45981387478849e-20,"SMOX"
"COAD",650,1.897e-13,9.301,43.315,-2.21940897579505,9.92573958820777e-13,"BMP2"
"COAD",631,1e-20,3.099,1,1.63180275492413,9.45981387478849e-20,"BFSP1"
"COAD",3170,1e-20,40.766,10.991,1.8910437513659,9.45981387478849e-20,"FOXA2"
"COAD",1469,2.1529e-13,24.369,1,4.60697514510161,1.12226812820513e-12,"CST1"
"COAD",9837,1e-20,21.555,7.361,1.55004888608879,9.45981387478849e-20,"GINS1"
"COAD",22974,1e-20,96.454,25.062,1.94433951953089,9.45981387478849e-20,"TPX2"
"COAD",2307,1e-20,3.268,1.115,1.55136427333802,9.45981387478849e-20,"FOXS1"
"COAD",1869,1e-20,26.616,8.856,1.58756664410131,9.45981387478849e-20,"E2F1"
"COAD",58476,4.338e-15,22.74,137.703,-2.5982558310522,2.60921715976331e-14,"TP53INP2"
"COAD",60436,1e-20,29.804,7.327,2.024211447243,9.45981387478849e-20,"TGIF2"
"COAD",388796,1e-20,107.824,24.315,2.1487598393532,9.45981387478849e-20,"SNHG17"
"COAD",4605,1e-20,86.554,23.666,1.87078460970506,9.45981387478849e-20,"MYBL2"
"COAD",80336,1e-20,19.919,2.731,2.86664400192237,9.45981387478849e-20,"PABPC1L"
"COAD",10953,1e-20,114.511,36.015,1.66881638178648,9.45981387478849e-20,"TOMM34"
"COAD",11065,1e-20,283.295,73.293,1.95055781670287,9.45981387478849e-20,"UBE2C"
"COAD",2139,8.3255e-11,1.364,24.512,-4.16757265290078,3.44528416913397e-10,"EYA2"
"COAD",1434,1e-20,127.845,43.148,1.56703014394683,9.45981387478849e-20,"CSE1L"
"COAD",441951,1e-20,86.721,24.114,1.84651040960897,9.45981387478849e-20,"ZFAS1"
"COAD",6615,1e-20,8.346,2.575,1.69651248830545,9.45981387478849e-20,"SNAI1"
"COAD",8537,1.877e-17,22.15,178.013,-3.00660399881947,1.38304286655684e-16,"BCAS1"
"COAD",6790,1e-20,57.016,19.441,1.5522643997367,9.45981387478849e-20,"AURKA"
"COAD",655,1e-20,15.099,2.431,2.63483120518933,9.45981387478849e-20,"BMP7"
"COAD",5105,5.1336e-11,15.567,180.943,-3.5389724495548,2.1644550678733e-10,"PCK1"
"COAD",56937,1e-20,92.286,27.689,1.73679885318887,9.45981387478849e-20,"PMEPA1"
"COAD",1908,9.6963e-19,3.204,66.691,-4.37954602891872,7.93698231698389e-18,"EDN3"
"COAD",28231,1e-20,46.733,4.645,3.33069115149328,9.45981387478849e-20,"SLCO4A1"
"COAD",100127888,1e-20,6.211,1,2.63482556778462,9.45981387478849e-20,"SLCO4A1-AS1"
"COAD",100652730,1e-20,4.832,1,2.27262045466299,9.45981387478849e-20,"LINC00659"
"COAD",55257,1e-20,34.254,11.975,1.51624681220543,9.45981387478849e-20,"MRGBP"
"COAD",63910,1e-20,29.138,5.269,2.46730077098936,9.45981387478849e-20,"SLC17A9"
"COAD",6725,1e-20,5.086,1.596,1.67207081046776,9.45981387478849e-20,"SRMS"
"COAD",54923,1e-20,3.531,1,1.82007682109751,9.45981387478849e-20,"LIME1"
"COAD",693232,1e-20,18.714,5.112,1.87215821714831,9.45981387478849e-20,"MIR647"
"COAD",58494,7.3932e-12,2.495,13.657,-2.45252888444201,3.37278930232558e-11,"JAM2"
"COAD",6493,1e-20,8.871,1,3.14909674417939,9.45981387478849e-20,"SIM2"
"COAD",64699,1e-20,9.405,1.999,2.23414947166593,9.45981387478849e-20,"TMPRSS3"
"COAD",55670,2.9844e-12,9.021,30.518,-1.7583011443695,1.4112949291605e-11,"PEX26"
"COAD",8318,1e-20,26.351,8.239,1.67731656451194,9.45981387478849e-20,"CDC45"
"COAD",7122,4.8014e-14,5.691,40.466,-2.82995616335249,2.64858678342378e-13,"CLDN5"
"COAD",9609,1e-20,4.858,1.201,2.01612633893023,9.45981387478849e-20,"RAB36"
"COAD",4320,1e-20,119.717,9.822,3.60746739900713,9.45981387478849e-20,"MMP11"
"COAD",255349,2.0633e-20,3.901,1,1.96384399836247,1.90588921520033e-19,"TMEM211"
"COAD",84133,1e-20,18.481,6.157,1.58574334888965,9.45981387478849e-20,"ZNRF3"
"COAD",3976,1e-20,21.108,6.128,1.78430168626816,9.45981387478849e-20,"LIF"
"COAD",91464,4.3238e-14,11.535,91.513,-2.98795869788215,2.39517313351499e-13,"ISX"
"COAD",3162,4.1715e-12,37.234,138.693,-1.89720245849925,1.94794851743579e-11,"HMOX1"
"COAD",23551,2.1225e-11,3.525,26.705,-2.92141472160598,9.26878881077914e-11,"RASD2"
"COAD",4151,1.1068e-12,3.168,30.148,-3.25041805725732,5.42674159175619e-12,"MB"
"COAD",7263,3.9488e-17,285.96,1008.269,-1.81799532992675,2.83035302564103e-16,"TST"
"COAD",7008,1.0261e-12,9.125,32.321,-1.82457537124812,5.04100929261863e-12,"TEF"
"COAD",102723775,1e-20,11.119,3.881,1.51852670522882,9.45981387478849e-20,"LINC01315"
"COAD",80274,3.1819e-12,1,3.036,-1.60217179075338,1.50088229698376e-11,"SCUBE1"
"COAD",9620,1e-20,9.738,1.359,2.84108004450174,9.45981387478849e-20,"CELSR1"
"COAD",25817,1.4401e-18,3.604,1.144,1.65551195903515,1.16389433682689e-17,"TAFA5"
"COAD",3730,1e-20,3.213,1,1.68392098080932,9.45981387478849e-20,"ANOS1"
"COAD",4935,1e-20,8.81,2.945,1.58087438508995,9.45981387478849e-20,"GPR143"
"COAD",25975,1e-20,2.978,1,1.57434375392001,9.45981387478849e-20,"EGFL6"
"COAD",140462,1e-20,9.741,2.756,1.82149399730295,9.45981387478849e-20,"ASB9"
"COAD",660,6.0369e-11,1.074,6.608,-2.62121969343403,2.52957082068578e-10,"BMX"
"COAD",6322,1e-20,27.114,9.04,1.58464328508961,9.45981387478849e-20,"SCML1"
"COAD",7102,1e-20,12.331,102.063,-3.04909824646756,9.45981387478849e-20,"TSPAN7"
"COAD",4128,1.3841e-17,55.952,248.202,-2.14925313442274,1.03313178571429e-16,"MAOA"
"COAD",84679,1e-20,3.149,1,1.65489375747332,9.45981387478849e-20,"SLC9A7"
"COAD",7076,1e-20,834.994,169.07,2.30414514209987,9.45981387478849e-20,"TIMP1"
"COAD",92745,1e-20,89.028,24.509,1.86094752476562,9.45981387478849e-20,"SLC38A5"
"COAD",392465,1.009e-14,4.253,13.608,-1.67790228603762,5.8684699609883e-14,"GLOD5"
"COAD",6855,5.5055e-11,2.022,8.583,-2.08569900114132,2.31514660586687e-10,"SYP"
"COAD",57477,1e-20,8.125,2.113,1.9430750457556,9.45981387478849e-20,"SHROOM4"
"COAD",54857,2.0495e-11,1.494,25.235,-4.07817403339655,8.96225430191631e-11,"GDPD2"
"COAD",54821,1e-20,5.588,1.475,1.9216170662729,9.45981387478849e-20,"ERCC6L"
"COAD",10800,1.0462e-16,1.069,4.427,-2.05006752037738,7.20769272951325e-16,"CYSLTR1"
"COAD",9452,7.4314e-15,8.256,41.65,-2.33480161971702,4.36878018401682e-14,"ITM2A"
"COAD",27286,1e-20,10.021,1.469,2.77012018188307,9.45981387478849e-20,"SRPX2"
"COAD",402415,1e-20,4.537,1.16,1.96761385433581,9.45981387478849e-20,"XKRX"
"COAD",2491,1e-20,7.379,2.321,1.66867879322478,9.45981387478849e-20,"CENPI"
"COAD",6173,1.0271e-19,15.268,4.226,1.85314641928062,9.00746560784314e-19,"RPL36A"
"COAD",56271,1.2111e-11,10.776,42.388,-1.97583414116778,5.40811287939297e-11,"BEX4"
"COAD",9075,1e-20,79.607,1,6.31482339024506,9.45981387478849e-20,"CLDN2"
"COAD",5358,1e-20,92.689,29.941,1.63027572830784,9.45981387478849e-20,"PLS3"
"COAD",11254,2.0565e-13,4.284,1,2.09895848008817,1.07326743290548e-12,"SLC6A14"
"COAD",8862,1e-20,6.082,1,2.60454581636871,9.45981387478849e-20,"APLN"
"COAD",10813,1e-20,47.555,16.58,1.52015302922533,9.45981387478849e-20,"UTP14A"
"COAD",90161,1e-20,8.386,1,3.0679828301843,9.45981387478849e-20,"HS6ST2"
"COAD",2564,1e-20,22.099,5.055,2.12819809058021,9.45981387478849e-20,"GABRE"
"COAD",633,1e-20,208.084,32.064,2.69813971883727,9.45981387478849e-20,"BGN"
"COAD",1736,1e-20,144.199,48.061,1.58512258783254,9.45981387478849e-20,"DKC1"
